字母,等级,歌名,歌手,突变,技能,单排爆点,开头描述,结尾描述,半cb,全cb,分数,单指数
,,"Always Online","林俊杰",,红色,440、440,B - 一单点（cool）、右下单点,B - 右下单点,348,618,1115654,33 + 0.3
,,"帝都","萌萌哒天团",,红色,286,B - 左边单点,B - 左下单点、右下单点,189,514,992133,35 + 0.1
,,"猫步轻俏","AOA",,红色,207,A - 左边单点,A - 右边左滑条结尾,263,441,1023159,35 - 0.1
Q,7,"七年的爱","金贤政",,红色,443,B - 左边长条中间,B - 左边滑点、右边滑点,234,666,1403991,45 + 0.3
B,6,"Bad Girl","吴亦凡",,,499,B - 右下滑点,B - 左边长条结尾、右边长条结尾,301,734,1392895,34 - 0.2
W,6,"王妃","萧敬腾",,红色,629,B - 一单点（cool）、右下右滑条开始,B - 左边长条结尾、右边长条结尾,295,766,1338877,43 - 0.3
,,"小酒窝","林俊杰",,红色,123、348,A - 左边单点,A - 右边长条开始,293,538,1013109,31 - 0.2
,,"Boom Clap","Charli XCX",,红色,338,B - 左下单点,B - 左边单点、右边单点,183,443,1092980,40 - 0.2
,,"Jar Of Love","曲婉婷",,,164,A - 右边长条中间,A - 左边滑点,303,719,1364974,36 + 0.0
,,"动物森林","范玮琪",,红色,116,A - 右下单点,A - 右下长条结尾、左下单点、一单点（cool）,180,388,819740,27 - 0.2
G,6,"Good Time","Owl City",,红色,351,B - 左下左滑条中间、右下单点,B - 右边单点、一单点（cool）,278,548,1132226,34 - 0.5
,,"背对背拥抱","林俊杰",,红色,240,A - 左边右滑条结尾、右下单点,A - 左边单点、中间单点,395,684,1196744,34 + 0.4
L,7,"Landing","温岚",,红色,175、176、176,A - 左边单点,A - 左边单点、一单点（cool）,337,657,1416147,39 + 0.0
,,"Try Everything","Shakira",,红色,397,B - 右边左滑条开始,B - 右下单点,306,643,1130996,31 + 0.1
F,8,"Firefly","Abba Teens",,,98,A - 左下单点、右下单点,A - 左边长条结尾、右边左滑条结尾,451,817,1313867,32 - 0.2
X,6,"幸福的节拍","杨丞琳",,红色,667,B - 左边单点、右边单点,B - 左下左滑条结尾、右下右滑条结尾,379,772,1319977,36 - 0.5
R,6,"Rage Your Dream","M.O.V.E",,,652,B - 左边左滑条开始,B - 左边单点、右边单点,503,841,1527651,37 + 0.3
,,"Trouble Is a Friend","Lenka",,红色,523,B - 左边滑点,B - 左下单点、右下单点,329,722,1110981,31 + 0.1
B,6,"BONAMANA","Super Junior",,红色,415,B - 右下右滑条中间,B - 右边单点,243,633,1595764,48 - 0.3
,,"桃花旗袍","BY2",,红色,199,A - 左下右滑条左拐,A - 左边长条结尾、右边长条结尾,294,642,1130838,40 + 0.0
,,"棉花糖","至上励合",,红色,250,B - 左边单点、右边单点,B - 左下左滑条结尾、右边单点,172,386,704405,27 - 0.3
Y,7,"YESTERDAY","Block B",,,530,B - 右下单点,B - 左边左滑条结尾、右边左滑条结尾,352,751,1471090,31 + 0.0
M,6,"Maps","Maroon 5",,红色,212,A - 右下单点,A - 右下滑点,273,600,1312277,35 + 0.2
B,7,"Baby Boy","王心凌",,,684,B - 左边单点、右下单点,B - 左下单点、右边单点,406,930,1887664,37 + 0.3
J,8,"禁绝边境线","Walküre",,,633,B - 右边单点,B - 左边单点、右边单点,428,963,1777851,38 - 0.4
,,"直到世界终结 ","WANDS",,红色,469,B - 左边单点,B - 右下左滑条结尾、右边左滑条结尾,190,539,904914,34 - 0.4
,,"一笑倾城","汪苏泷",,红色,432,B - 右下单点,B - 右下单点,259,554,1169520,33 - 0.4
B,6,"Born This Way","Lady Gaga",,红色,240、240,A - 一单点（cool）、左下单点、右下单点,A - 左边单点、右下单点,350,734,1526594,43 + 0.4
,,"FIVE","Apink",,红色,446,B - 左下单点,B - 右边滑点,323,554,1105563,32 - 0.5
W,6,"What Makes You Beautiful","One Direction",,红色,313、313,B - 一单点（cool）、右边左滑条开始,B - 左下单点,237,567,1169004,34 - 0.5
,,"Right Now","rihanna",,,337、339,A - 右边单点,A - 右下单点,481,833,1458584,32 - 0.2
,,"黑暗骑士","林俊杰/五月天",,红色,208,A - 左下单点,A - 右下单点,326,629,1218001,34 - 0.4
J,8,"JELLY JELLY","TWICE",,,572,B - 左边长条开始、右边滑点,B - 左边左滑条开始,493,944,1983994,48 - 0.2
,,"怎样说清此刻的心情","BY2",,红色,196,A - 右边滑点,A - 左下单点、右边单点,329,575,1047527,33 + 0.4
B,6,"Bo Peep Bo Peep","T-ara",,,531,B - 右边滑点,B - 右下单点,362,743,1371083,35 - 0.1
H,8,"Hacking to the Gate","伊藤加奈子",,,858,B - 左边长条中间、右边单点,B - 左边滑点,589,1077,1909864,35 + 0.4
N,6,"Numb","Linkin Park",,红色,463,B - 左下左滑条结尾、右下单点,B - 右下单点,251,582,1147536,40 - 0.4
,,"专属味道","汪苏泷/林希儿",,,674,B - 左下单点,B - 右边滑点,420,816,1317552,29 + 0.3
B,6,"Booty Music","Git Fresh",,,305、308,A - 左边单点,A - 左边单点,396,726,1342059,35 + 0.2
A,7,"Apple Is A","T-ara",,红色,227,A - 中间单点、右边单点,A - 左下单点、右下单点,298,526,1107810,39 + 0.4
,,"我们都一样","张杰",,红色,597、599,B - 中间单点、右边单点,B - 左下滑点、右下滑点,437,763,1428833,38 + 0.3
N,6,"你的声音不会消失","fumika",,红色,540,B - 右下滑点,B - 右边单点、一单点（cool）,372,838,1386601,40 - 0.2
,,"江南","林俊杰",,红色,157,A - 左边滑点,A - 左边单点、右边单点,268,586,1111296,42 + 0.1
H,8,"火花","高耀太",,,321,A - 左边右滑条中间,A - 中间单点、右边单点,470,1055,2035140,40 + 0.1
K,9,"卡农","Pachelbel",,,312,A - 左边单点、右边单点,A - 左边单点、右下单点,493,960,2134925,42 - 0.4
,,"CALL ME BABY","EXO",,红色,167,A - 右边单点,A - 左边单点,241,496,1041708,37 + 0.2
,,"Faded","Alan Walker",,红色,329,B - 左边单点,B - 右边单点,199,443,909505,32 - 0.2
,,"唐人","孙子涵",,红色,418,B - 右边左滑条中间、左下滑点,B - 右边左滑条中间、左边单点,191,522,1058434,33 - 0.3
M,6,"Mimimi","Serebro",,红色,463、463,B - 一单点（cool）、左边单点,B - 左下单点、右边单点,374,708,1373940,43 - 0.5
T,8,"to the beginning","Kalafina",,,334,A - 左边右滑条结尾、右边单点,A - 左边单点、右边单点,702,1136,2014902,44 - 0.5
L,6,"Look What You Made Me Do","Taylor Swift",,红色,505、505、506、506,B - 一单点（cool）、左下单点,B - 左下单点、一单点（cool）,239,578,1271421,42 - 0.2
J,6,"Just Dance","Lady GaGa",,,418,B - 右边滑点,B - 右边长条结尾、左边单点,321,651,1435008,37 + 0.4
,,"恋爱幸运曲奇","AKB48",,红色,376、376,B - 一单点（cool）、右下单点,B - 左下单点、右下单点,215,558,947350,33 - 0.4
,,"Blue Skies","Lenka",,红色,79、79,A - 一单点（cool）、右边单点,A - 左下单点,214,563,1033415,31 - 0.5
T,6,"Telephone","Lady GaGa",,,604、606,B - 左下单点、右下单点,B - 右下单点,413,813,1626905,41 + 0.2
W,9,"无可取代","李雪岩",,,743,B - 右边右滑条左拐、左边单点,B - 右边长条结尾、左边单点,594,1355,2466022,43 - 0.5
,,"明天，你好","牛奶咖啡",,红色,170,B - 左边长条开始、右边长条开始,B - 左下长条中间,170,358,783484,29 + 0.2
D,6,"当你","林俊杰",,红色,614,B - 右下右滑条开始,B - 左下单点,366,907,1694652,45 - 0.1
T,6,"太过爱你","MC梦",,,203、205,A - 右边单点,A - 左下单点,355,739,1286967,33 + 0.0
I,8,"I Want My Tears Back","NIGHT WISH",,,632、636,B - 左下单点,B - 右下滑点,520,1084,2273076,49 - 0.4
W,6,"Wonderland","gugudan",,红色,223,A - 左边单点、右下单点,A - 右边滑点,384,674,1273000,41 - 0.5
,,"淋雨一直走","张韶涵",,红色,246,B - 左下单点、右下单点,B - 左边单点、右边单点,149,299,739036,33 - 0.3
,,"逆战","张杰",,红色,288,A - 左下长条中间,A - 右边滑点,377,693,1195110,32 + 0.2
L,8,"L.I.E","EXID",,,470,B - 左边右滑条中间,B - 右下滑点,465,799,1485327,34 + 0.3
L,6,"恋爱循环","花泽香菜",,红色,387,B - 左边长条结尾,B - 左下单点、一单点（cool）,302,560,1133648,35 + 0.0
,,"微微一笑很倾城","杨洋",,,454、539,B - 右下单点,B - 左边单点、右边单点,345,677,1299508,33 - 0.3
B,9,"Butter Fly","和田光司",,,507,A - 右边长条结尾、左边滑点,A - 右边长条中间、左边左滑条右拐,614,1256,2212376,42 + 0.2
,,"第一次爱的人","王心凌",,红色,58,A - 右下单点,A - 左边长条结尾,196,374,822100,33 - 0.3
,,"我们不该这样的","张赫宣",,红色,382、383、383,B - 右下单点,B - 右下单点、一单点（cool）,184,470,1023103,38 + 0.4
J,8,"Just Like Fire","P!nk",,,225、326、623、724,A - 左边单点,A - 左边单点、右边单点,410,924,1801860,38 - 0.5
G,9,"Gee","少女时代",,,1160,B - 左下滑点、右边长条开始,B - 左边滑点、右边单点,657,1264,2004554,43 - 0.2
,,"剩下的盛夏","TFBOYS",,红色,344、344,B - 一单点（cool）、左下单点、右边单点,B - 左边单点、右下单点,288,529,979050,36 - 0.5
,,"给我一个理由忘记","A-Lin",,红色,445,B - 左下长条结尾,B - 左边右滑条结尾、右边长条结尾,315,850,1279821,37 + 0.2
L,7,"Love So Soft","Kelly Clarkson",,,687,B - 左下长条开始、右下单点,B - 左边单点、右边单点,417,925,1649051,39 + 0.4
,,"Baby","Justin Bieber",,红色,537,B - 右边滑点,B - 右下滑点、一单点（cool）,355,746,1221041,36 + 0.0
B,7,"表白","萧亚轩",,,286,B - 右边单点,B - 右边单点,286,654,1337752,34 - 0.4
,,"等我先说","夏天Alex",,,277,A - 右下右滑条开始,A - 左下长条结尾、右边单点,363,701,1220669,31 - 0.4
N,8,"你，有没有过","林俊杰",,,933,B - 左边单点、右下单点,B - 右下滑点,549,1100,1810373,40 - 0.2
,,"我的梦","张靓颖",,红色,260,B - 左下长条中间,B - 右边单点,231,538,1055452,34 + 0.3
Y,9,"邮递马车","Hermann Necke",,红色,331,B - 左边右滑条结尾、右边滑点,B - 左下单点、右下单点,282,811,1731769,59 - 0.1
M,7,"没有选择","胡彦斌",,,485、486,B - 左边单点,B - 左下单点、右下单点,314,662,1427352,35 - 0.4
*,9,"ペガサス幻想","MAKE-UP",,,496,B - 左边长条中间,B - 左边单点,468,1114,1914724,41 - 0.4
,,"回忆那么伤","孙子涵",,红色,499,B - 左边长条结尾,B - 左边单点、一单点（cool）,209,565,1184468,38 - 0.2
,,"OKAY","王嘉尔",,红色,421,B - 右边单点,B - 左边单点、右边单点,188,474,973249,36 + 0.4
,,"Love Story","Taylor Swift",,,677,B - 左边单点、右边单点,B - 右边滑点,493,803,1438683,38 - 0.2
X,6,"小星星","汪苏泷",,,256,A - 左下左滑条开始,A - 左边左滑条结尾、右边单点,413,857,1498428,35 + 0.4
,,"非酋","薛明媛/朱贺",,红色,150、389,A - 右下单点,A - 左下单点,247,510,1049906,32 - 0.5
,,"不完美小孩","TFBOYS",,红色,430、430、431、431,B - 一单点（cool）、右下单点,B - 左下单点、一单点（cool）,306,706,1198730,35 - 0.2
,,"李白","李荣浩",,红色,503,B - 左边长条中间,B - 左边单点、右边单点,343,658,1385807,42 - 0.1
,,"带你去旅行","校长",,红色,410,B - 左边单点、右边单点,B - 左边单点、一单点（cool）,302,597,1176544,33 + 0.0
,,"全部都是你","Dragon Pig",,红色,231,B - 左下单点、右下单点,B - 左边右滑条结尾,178,389,791849,29 - 0.3
T,6,"Timber","Pitbull",,,428,B - 左下单点、右边单点,B - 右下单点,303,653,1258613,33 - 0.3
,,"左边","杨丞琳",,红色,489,B - 左下滑点,B - 左边单点,270,591,1065670,32 - 0.2
,,"Bad Romance","Lady Gaga",,,847,B - 中间右滑条中间,B - 左边长条结尾、右边单点,446,970,1538347,37 + 0.4
X,7,"炫舞国度","BOX.COM",,,674,B - 左下单点、右边单点,B - 左下单点、右下单点,349,768,1603760,41 + 0.0
,,"让我心动","Apink",,红色,359,B - 左下单点、右下单点,B - 右边长条开始,289,724,1284750,38 + 0.1
B,8,"Brave Heart","宮崎歩",,,881,B - 左下单点,B - 左下单点、右下单点,645,1154,2001529,50 + 0.3
X,6,"小情歌","苏打绿",,红色,633、633、634、634,B - 一单点（cool）、左边单点,B - 右边单点、一单点（cool）,320,786,1361985,40 - 0.1
,,"万有引力","汪苏泷",,红色,227,B - 左边单点,B - 右边滑点,124,292,716506,31 + 0.1
,,"DAY BY DAY","T-ara",,红色,576,B - 右边左滑条结尾、左边单点,B - 中间单点,352,678,1246166,40 + 0.0
,,"Animals","Maroon 5",,红色,323,B - 左下滑点,B - 右边单点,221,481,845127,33 + 0.1
,,"无限大","孙燕姿",,红色,625、625,B - 一单点（cool）、左下滑点,B - 左边单点、右边单点,425,692,1236921,35 - 0.5
N,6,"你的微笑","飞儿乐团",,红色,257,A - 左边滑点,A - 右下单点,370,722,1335075,39 - 0.3
B,8,"Bubble Pop!","泫雅",,,244、268、567、591,A - 右边滑点,A - 右边单点,371,743,1613198,34 - 0.3
,,"We Don't Talk Anymore","Charlie Puth / Selena Gomez",,红色,415,B - 左边滑点,B - 左边右滑条结尾、一单点（cool）,220,509,912040,29 + 0.2
Q,6,"期待","Girl's Day",,红色,453,B - 右边单点,B - 左下单点、右边单点,228,513,1092167,32 - 0.2
,,"吸引定律","Awaken-F",,红色,198,A - 右边长条中间,A - 左边单点,301,563,980008,30 - 0.1
L,6,"Long Kiss Good Bye","Halcali",,,176,A - 左边单点,A - 左边单点、右边单点,373,738,1602275,41 - 0.5
H,6,"Here With You","Asher Book",,红色,547,B - 右边滑点,B - 左下单点、右边单点,254,586,1196775,35 - 0.4
,,"走着走着就散了","庄心妍",,红色,187,A - 左下单点,A - 左下单点,295,561,1216980,34 - 0.4
W,6,"望","张碧晨/赵丽颖",,红色,644,B - 右边长条中间,B - 中间单点、右边单点,269,715,1401983,42 + 0.4
B,8,"Be My Baby","Wonder Girls",,,393,A - 左下单点,A - 中间左滑条结尾、右边左滑条结尾,688,1123,1742386,38 - 0.5
,,"下个，路口，见","李宇春",,红色,376,B - 左下长条开始,B - 右边单点,229,470,895749,34 + 0.1
,,"不醉不会","田馥甄",,,539、541,B - 左边单点,B - 左边单点,422,844,1500593,36 - 0.1
J,6,"Just Dance","王一博",,红色,206、206、226、226、513、513、533、533,A - 一单点（cool）、右边单点,A - 左边单点、一单点（cool）,318,625,1431444,41 + 0.1
,,"修炼爱情","林俊杰 ",,,539,B - 右边单点,B - 左边单点,280,857,1370578,33 - 0.2
W,9,"Wake up!","AAA",,,517,B - 左边单点、右下单点,B - 左边单点、右下单点,382,1054,2026312,46 - 0.3
K,9,"空想神话","妖精帝国",,,1006、1011、1021、1026、1041、1046,B - 左边单点、右边长条开始,B - 左边长条中间、右边单点,674,1217,2402072,43 + 0.2
C,8,"chAngE","miwa",,,552,B - 右边长条结尾、左下单点,B - 左边右滑条结尾、右边单点,548,1238,2316363,45 + 0.2
I,9,"I Knew You Were Trouble","Taylor Swift",,,782,B - 左下单点,B - 左边单点、右边单点,597,1108,2049138,51 + 0.2
D,7,"Doraradora","Fujigami Mai",,,874,B - 左下左滑条中间,B - 左边单点、右边单点,495,959,1735133,40 - 0.3
,,"Trap","Henry",,红色,314,B - 左下长条开始,B - 左下单点,207,425,756791,33 + 0.2
,,"稀罕没理由","潘玮柏",,红色,64,A - 右下单点,A - 右边长条开始,144,289,697803,33 - 0.5
A,7,"爱投罗网","罗志祥",,,431、434,B - 左下单点,B - 左下单点,348,797,1513164,35 - 0.4
,,"Flower Dance","DJ OKAWARI",,红色,180、180,B - 一单点（cool）、左下单点,B - 左边滑点、一单点（cool）,112,259,706292,33 - 0.4
,,"后会无期","徐良/汪苏泷",,红色,123、301,A - 右下长条结尾,A - 左边单点,198,393,766344,32 + 0.2
W,7,"我们的歌","王力宏",,,220、747,A - 右下单点,A - 左边单点,498,999,1667961,33 - 0.3
O,7,"偶像万万岁","TimeZ",,红色,869、870、870,B - 左边单点,B - 左下滑点、一单点（cool）,469,1004,1775686,52 - 0.4
,,"Hola","Flo Rida/Maluma",,红色,122,A - 右下滑点,A - 左边单点、右下单点,299,550,1054638,32 + 0.4
,,"Sky","Steerner",,,124,A - 左下滑点,A - 左边单点,262,812,1308293,33 - 0.4
Q,9,"青鸟","生物股长",,,891,B - 左边单点、右边单点,B - 中间右滑条中间,645,1378,2455214,62 + 0.4
S,9,"帅一个","罗志祥",,,225、567,A - 左下单点,A - 左下单点,414,970,1870736,39 + 0.4
W,8,"Why So Lonely","Wonder Girls",,,856,B - 左边单点、右边单点,B - 左边单点,451,1018,1973286,39 - 0.4
A,9,"曖昧スクリーム","平野绫",,,921,B - 左边右滑条中间、右边左滑条中间,B - 左下滑点,703,1398,2584282,41 + 0.4
K,10,"克罗地亚狂想曲","马克西姆",,,1255,B - 左边滑点、右下滑点,B - 左边单点、右边单点,652,1387,2599205,57 - 0.3
,,"狂欢夜","QQ炫舞原创",,红色,596,B - 左边单点、右边单点,B - 左边单点、右边单点,186,707,1314145,40 - 0.1
,,"太阳雨","QQ炫舞原创",,红色,241,B - 右边左滑条中间,B - 左边单点,201,383,760800,34 - 0.1
,,"浪漫惊喜","kent王健",100,红色,135,A - 左下单点,A - 左下左滑条结尾、右下右滑条结尾,241,432,791274,40 - 0.2
,,"娃娃脸","后弦",,红色,506,B - 左边单点、右边单点,B - 左下单点,298,623,1161518,33 + 0.1
W,6,"What Do You Mean?","Justin Bieber",,,76,A - 左下单点,A - 右边单点,295,601,1120528,30 - 0.5
S,7,"什么什么","蔡依林",,,597,B - 右下单点,B - 右下滑点,357,769,1444747,33 - 0.5
H,8,"Hey Baby 你是我的","李佳薇",,,1094、1127,B - 左边左滑条结尾、右边单点,B - 左下滑点,574,1250,2223543,42 + 0.1
,,"You Are","GOT7",,红色,292,B - 右边长条结尾,B - 左边单点、右边单点,176,411,785107,30 - 0.1
P,10,"Play 我呸","蔡依林",,,826、827,B - 右下单点,B - 左下滑点、右下单点,500,985,2463129,46 + 0.4
Y,8,"一吻天荒","胡歌",50,,840,B - 左下单点、右下单点,B - 左边滑点、右边滑点,396,1189,1929571,47 - 0.5
,,"因你而在","林俊杰",,红色,378、378、379、379,B - 一单点（cool）、左边单点,B - 右边单点、一单点（cool）,249,569,1046849,33 + 0.1
,,"触动心触动爱","BY2",,红色,417、417,B - 一单点（cool）、右边单点,B - 左边滑点、一单点（cool）,244,473,900917,35 - 0.3
Z,6,"再遇不到你这样的人","庄心妍",50,红色,614,B - 左边右滑条中间、右边单点,B - 左下左滑条结尾、右边单点,351,726,1348840,37 + 0.4
K,6,"KNOCK KNOCK","TWICE",,红色,356、356,B - 一单点（cool）、右下右滑条开始,B - 左下单点、右边单点,228,576,1231814,35 - 0.3
B,8,"Bright Spring","M2U",,,749,B - 右边长条中间、左下滑点,B - 左边单点、右边单点,444,916,1728109,45 + 0.1
,,"夜空中最亮的星","逃跑计划",,红色,188,A - 左下长条结尾、右下单点,A - 左下单点、一单点（cool）,386,705,1175612,37 - 0.4
W,6,"Wolves","Selena Gomez/Marshmello",,,609,B - 左边单点,B - 左边单点,390,778,1534967,35 - 0.3
,,"心率","鹿晗",,红色,88,A - 左边单点,A - 左下单点,176,365,724542,29 + 0.0
,,"有点甜","汪苏泷 / BY2",,红色,333,B - 左下长条中间,B - 左边单点,257,554,1076371,34 + 0.2
X,6,"虚拟","陈粒",,红色,603,B - 左下单点,B - 右下右滑条开始,368,717,1198869,37 + 0.0
*,7,"1234喜欢你","王欣宇",,,289,A - 右边单点,A - 右下单点,338,714,1372003,34 - 0.4
S,9,"Sparkling Daydream","ZAQ",20,,393,A - 左边单点、右边单点,A - 左边单点,573,1256,2595836,45 - 0.3
T,7,"TOUCH MY HEART","罗志祥",,红色,643、644,B - 右边单点,B - 左下单点,391,710,1218462,33 - 0.2
,,"Sometimes","Kat Graham",,红色,358,B - 右下单点,B - 左下单点,247,441,902781,31 - 0.3
,,"歌谣","李荣浩",,,524,B - 左边右滑条中间,B - 右边单点,398,874,1477722,35 + 0.2
,,"勋章","鹿晗",,红色,352,B - 左下单点、右下单点,B - 左边单点、一单点（cool）,206,458,846151,37 - 0.5
,,"空山新雨后","音阙诗听/锦零",,红色,194,B - 左边单点,B - 左边单点、右边单点,194,411,842401,33 + 0.2
,,"New Divide","Linkin Park",,红色,256,A - 左边单点、右边单点,A - 左边左滑条开始,394,635,1187701,39 - 0.1
,,"Synchronise","INFINITE",,,295、658,A - 右边左滑条中间,A - 左下单点、右下单点,389,809,1207526,32 - 0.3
,,"Talk Dirty","Jason Derulo/2",,红色,349,B - 左下滑点,B - 右边长条开始,229,411,844963,28 + 0.1
,,"星期天","张紫豪",,红色,438,B - 左边单点、右下单点,B - 右边单点、一单点（cool）,248,537,1034920,39 - 0.4
L,9,"恋のパーフェクト微分方程式","ユウノウミ",,,673,B - 右下单点,B - 右下单点,592,1133,2211457,43 - 0.3
X,6,"炫舞","陈伟霆",,,338、339、342,A - 左边长条开始,A - 左边单点、右边长条开始,500,929,1508448,37 - 0.5
,,"Baby Don't Cry","于湉",,红色,203、443,A - 右边长条中间,A - 右下单点,255,495,971512,29 - 0.2
S,9,"SWEET TALKER","TWICE",,,677,B - 左下单点,B - 左边单点、右边单点,554,1209,2107870,45 + 0.4
D,10,"Dura","Daddy Yankee",,,736,B - 右下长条结尾、左边单点,B - 左边单点、右边单点,571,1347,2976100,42 + 0.3
,,"今天你要嫁给我","陶喆/蔡依林",,红色,173,B - 右边单点,B - 右边左滑条中间,148,391,819456,36 - 0.4
C,9,"Candy Pop","TWICE",,,847,B - 左下滑点、右边滑点,B - 左边单点、右边单点,447,996,1818798,38 + 0.4
,,"爱的就是你","刘佳",,红色,373,B - 左下单点,B - 右边单点,248,514,1042804,33 + 0.2
G,10,"Get It On The Floor","DMX",,,979,B - 左边单点、右边单点,B - 左边单点,631,1210,2414555,41 - 0.2
,,"Pure","向井太一",,红色,93,A - 右下单点,A - 右边单点,229,445,858577,30 - 0.5
C,8,"CLEAR","坂本真綾",,,333、717,A - 左下单点、右边单点,A - 右下滑点,478,1008,2194923,45 - 0.2
,,"Loved","Highlight",,红色,225、473,A - 右下单点,A - 左下单点,285,577,988171,27 - 0.4
C,9,"Crash","The Primitives",20,,943,B - 左边右滑条中间,B - 中间单点、右边单点,621,1471,2278210,55 - 0.4
B,7,"Bing Bing","Crayon Pop",,,393,A - 右下单点,A - 左下左滑条结尾、右边单点,463,913,1910550,35 + 0.4
R,8,"Rolling Star","YUI",,红色,489,B - 左边单点、右边单点,B - 左下单点、右下单点,369,834,1769193,47 + 0.4
D,8,"Dear Future Husband","Meghan Trainor",,,864,B - 左边右滑条中间,B - 左边单点、右下单点,441,1128,1995734,41 - 0.2
P,6,"Poker Face","Lady Gaga",,红色,218、218、219、219、220、220,A - 一单点（cool）、左下单点,A - 右边单点、一单点（cool）,340,669,1330466,44 + 0.0
,,"Real Change","Masetti",,,98,A - 右下单点,A - 左下单点,309,616,1339554,35 + 0.0
,,"Monsters","Katie Sky",,红色,133、276,A - 左下单点,A - 左边单点,215,440,786543,29 - 0.2
S,7,"Sugar Rush","吴映洁",,红色,635,B - 右边长条中间,B - 中间单点,412,850,1571116,51 - 0.1
S,9,"SHIORI","ClariS",,,915、916,B - 中间单点,B - 左边单点、右边单点,484,1223,2318359,44 + 0.2
,,"丑八怪","薛之谦",,红色,534,B - 左边右滑条开始,B - 左下长条结尾、右下单点,270,694,1225443,35 + 0.4
,,"再见安打","唐禹哲",,红色,195、196,B - 左下单点,B - 左下单点,163,441,807896,31 - 0.5
,,"The Fire","吉克隽逸",,红色,151、343,A - 左边单点,A - 左边单点,252,492,950992,35 - 0.5
S,9,"Stand By Me","the peggies",,,950,B - 左下滑点,B - 左边单点,950,1748,2546115,41 - 0.3
D,9,"大艺术家(困难版)","蔡依林",,,160,A - 左边长条结尾,A - 右下单点,673,1163,1968776,37 - 0.1
,,"绿光","孙燕姿",,红色,404,B - 左边单点、右下单点,B - 左边单点、一单点（cool）,312,656,1207267,39 + 0.1
,,"Checkmate","林俊杰/郑容和",,红色,395,B - 右边左滑条中间,B - 左边单点,271,623,956363,30 - 0.1
,,"魂不守舍","朱星杰",,,201、388,A - 右下滑点,A - 左边单点,286,632,1036499,27 - 0.1
M,10,"MY舞☆TONIGHT","Aqours",,,1474,B - 右边滑点,B - 左边单点、右边单点,733,1578,3070828,52 + 0.3
,,"雨后的咖啡","SNP",,红色,254,A - 右边左滑条开始,A - 左边长条结尾,339,624,977393,28 - 0.5
L,10,"林中鸟(困难版)","葛林",,,1254,B - 左边单点、右下滑点,B - 左边长条结尾、右边单点,568,1475,2774507,66 - 0.2
C,10,"Crossing Field","LiSA",,,130,A - 左下单点、右边单点,A - 左边单点、右边单点,597,1351,2829690,54 - 0.4
*,9,"123我爱你(困难版)","新乐尘符",,,278、443、981,A - 右下单点,A - 左边滑点、中间滑点,719,1396,2389886,53 + 0.4
J,6,"芥末巧克力","杨丞琳",,红色,108、108、355、355,A - 一单点（cool）、右下单点,A - 左边单点、一单点（cool）,209,525,1130026,36 + 0.2
,,"不朽之罪","双笙/玄觞",,红色,365,B - 左边右滑条结尾,B - 右边单点,158,455,855147,30 - 0.2
,,"大碗宽面","吴亦凡",,红色,347,B - 左下滑点,B - 右下单点,222,495,865617,37 - 0.3
,,"凉凉","杨宗纬/张碧晨",,红色,434、435,B - 右边长条结尾,B - 右边单点,213,541,900693,30 - 0.2
W,9,"Whistle(困难版)","Flo Rida",50,,559,A - 左下左滑条中间、右边单点,A - 左边单点,659,1469,2646534,42 - 0.5
B,9,"Bright Burning Shout","T.M.Revolution",,,403、1271,A - 右下单点,A - 右边单点,789,1599,2434136,40 + 0.1
N,7,"牛奶面包","杨紫/鱿小鱼",,红色,468,B - 左边长条开始、右边长条开始,B - 左边单点、一单点（cool）,414,698,1321028,40 + 0.0
,,"无名之辈","陈雪燃",,红色,347、348、350,B - 右边长条开始,B - 右边长条开始,191,466,901783,36 - 0.5
R,7,"仁心所向","河图",,,899,B - 左边单点、右边单点,B - 右下右滑条结尾、左边单点,685,1168,1858268,40 + 0.0
,,"淘汰","陈奕迅",,红色,249,B - 右边单点,B - 左边左滑条结尾,229,566,888671,28 + 0.3
V,10,"Victory(困难版)","Bond",,,1401,B - 左下单点、右下单点,B - 右边单点,796,1460,3406632,59 + 0.0
H,8,"好想大声说喜欢你","BAAD",,,235,A - 左边右滑条结尾、右下长条开始,A - 右边单点,462,1096,1882783,44 - 0.2
L,6,"LOVE IT LIVE IT","YDPP",,,392,B - 左边长条结尾、右下滑点,B - 左边单点,326,744,1362332,36 - 0.2
*,9,"デートアライブ","sweet ARMS",,,595、1277,A - 左边单点,A - 左边长条结尾、右下长条结尾,736,1416,2078442,39 - 0.1
B,6,"白骑士","QQ炫舞原创",,,554,B - 左下单点、右下单点,B - 左边单点,382,770,1313741,34 + 0.4
G,9,"更新","Sabão",,,959,B - 左边滑点,B - 左边长条中间、右边长条中间,533,1207,2291730,40 - 0.2
,,"朝代","排骨教主",,红色,213、449,A - 左边滑点,A - 左边右滑条中间、右边长条中间,307,656,1079481,35 - 0.4
,,"素颜","许嵩/何曼婷",,红色,116,B - 右下单点,B - 右下单点,98,231,571889,28 - 0.5
,,"可以了","陈奕迅",100,红色,324,A - 右边长条中间,A - 右下右滑条结尾、左边滑点,406,721,1192365,34 - 0.5
J,7,"就是你","范玮琪",,,542,B - 左边单点、右边单点,B - 左边长条结尾、右边右滑条左拐,392,897,1387513,36 - 0.5
Z,9,"直到世界终结(困难版)","WANDS",20,,1306,B - 左边长条结尾、右下单点,B - 左下单点,585,1575,2364366,43 - 0.2
,,"芒种","音阙诗听/赵方婧",,红色,345,B - 左边单点、右下单点,B - 左边单点、一单点（cool）,249,451,1051006,43 + 0.2
,,"耿耿于怀","王笑文",,,638,B - 左下单点,B - 左边右滑条中间,348,758,1313664,30 - 0.2
,,"没有你的冬季","阿云嘎",,,299、302、604、607,A - 左边长条中间,A - 右边单点,421,801,1365311,35 - 0.1
Y,6,"原点","徐梦圆",,,895,B - 左下长条开始,B - 左边单点、右下滑点,570,1254,1739269,46 - 0.3
M,8,"觅","王喆",,,882、884,B - 右下单点,B - 中间单点,413,933,1927382,37 + 0.3
I,6,"I'm OK","小青龙",,红色,236、236、237、237、238、238,A - 一单点（cool）、右边单点,A - 右边单点、一单点（cool）,323,793,1429156,40 - 0.2
,,"Flamingo","米津玄師",,红色,210、486,A - 左下长条开始、右下右滑条开始,A - 左边单点、一单点（cool）,329,699,1058585,30 + 0.3
,,"Loki","BC221",,红色,117、320,A - 左边滑点,A - 右下单点,255,482,953339,26 + 0.0
C,9,"Candy Boy","TWICE",,,1006,B - 左边滑点,B - 左下单点、右边单点,516,1352,2051458,38 - 0.5
,,"Play It Cool","Steve Aoki/MONSTA X",,红色,142,A - 左边单点、右边单点,A - 左边滑点、一单点（cool）,250,502,1035780,31 + 0.1
,,"漫时光","QQ炫舞",,,92,A - 左边长条中间,A - 右下单点,414,683,1330116,32 + 0.0
F,10,"Fanfare","Sumika",,,1078,B - 左下滑点,B - 左下单点、右边单点,981,2094,2983741,44 - 0.3
,,"我乐意(QQ炫舞系列主题曲)","许嵩",,,185、455,A - 右边单点,A - 右边单点,292,602,1150364,29 + 0.4
,,"ME!","Taylor Swift/Brendon Urie",,红色,218,B - 左边单点,B - 左边长条结尾,170,380,739658,30 - 0.4
C,7,"Close To Me","Ellie Goulding/Diplo/Red Velvet",,,620,B - 右边长条结尾,B - 左边单点、右下单点,401,861,1412940,34 + 0.1
,,"Too Much","Carly Rae Jepsen",,红色,290,B - 右边滑点,B - 左边单点,187,403,763067,30 + 0.1
X,7,"幸福症候群","nanawoakari",,,196、304、483、591,A - 左边长条开始、右下单点,A - 右边单点,413,986,1554476,36 - 0.3
F,8,"Fight For You","潘玮柏",,,391,A - 右边单点,A - 左边单点、右边单点,501,1022,1849566,40 - 0.4
L,7,"旅行的爱情","Samuel",100,红色,464,B - 左边长条开始、右边单点,B - 左下左滑条结尾、右下单点,408,863,1398838,38 + 0.1
*,9,"プライド革命","CHiCO with HoneyWorks",,,498、1204,A - 左边右滑条开始、右下长条开始,A - 左下单点、右下单点,679,1393,2175932,39 - 0.5
D,6,"豆你玩","李子璇",,红色,310,B - 左边单点,B - 左下滑点,286,564,1120280,39 - 0.2
,,"For You","高颖浠",,红色,390、390,B - 一单点（cool）、左边单点,B - 左边长条中间、右边滑点,278,616,1038853,37 + 0.3
B,6,"Boys","Charli XCX",,红色,765,B - 左边滑点,B - 右边滑点,441,875,1478828,42 + 0.3
,,"我们是太阳","筷子兄弟",,红色,612,B - 左边滑点,B - 左边长条结尾,329,688,997019,29 + 0.0
,,"滚烫的青春","王源",,红色,251、251,B - 一单点（cool）、右边单点,B - 左边长条结尾,207,455,760300,31 - 0.4
E,8,"E.T.","Katy Perry",,,512,B - 右边左滑条结尾、左边滑点,B - 左边滑点,432,961,1594527,34 + 0.1
C,9,"长安诀","汪苏泷",,,160、825,A - 左边滑点、右下滑点,A - 左边长条中间、中间长条中间,557,1304,2075939,45 - 0.2
,,"Girl in the Mirror","Bebe Rexha",,红色,323,B - 左边单点,B - 左下滑点,306,614,1034459,31 + 0.3
,,"观花","萌娜丽莎/郑冰冰",,红色,495,B - 右下长条结尾,B - 右下右滑条中间、左边长条结尾,314,652,1083509,32 - 0.1
,,"Bon Bon(给他一击)","强东玥",,,200、429,A - 右边单点,A - 右边单点,315,625,1071808,27 - 0.4
U,9,"UNION","OxT",,,258、274、276、753、769、771,A - 左下单点,A - 右下滑点,508,1021,1986595,42 - 0.3
G,8,"孤注一掷的舞者","DOES",100,,767、768、769,B - 右边单点,B - 左下单点,533,1042,1776333,43 + 0.1
M,7,"Magic Dream","APPRIL",,,605,B - 左边长条结尾,B - 右边单点,512,927,1570054,37 + 0.3
,,"两人份美好","李俊毅",,红色,250,B - 左边右滑条开始、右边长条开始,B - 左边单点,250,602,1006614,31 + 0.3
,,"是我","张韶涵",,红色,683,B - 左下滑点,B - 左边长条中间,495,1035,1405246,40 - 0.5
,,"青春大满贯","胡夏",,红色,158、158、527、527,A - 一单点（cool）、左边滑点,A - 左下滑点,447,775,1188283,33 - 0.3
V,9,"VORACITY","MYTH & ROID",,,518、1064、1430,A - 左边滑点、右下滑点,A - 左下长条结尾、右边长条结尾,738,1650,2538274,41 + 0.1
G,8,"工笔","Awaken-F",,,168、633,A - 左下左滑条结尾、右下单点,A - 右下滑点,377,842,1733562,36 + 0.3
,,"漫过","吴映香",,红色,242,A - 左边单点,A - 右下单点、一单点（cool）,325,645,1104289,33 - 0.3
S,9,"Shiny","高颖浠",,,627,A - 左下单点,A - 左边滑点、右边滑点,749,1370,2571902,62 + 0.1
,,"胡萝卜须","许嵩",,红色,147,A - 左边长条结尾,A - 右边单点、一单点（cool）,379,823,1425098,43 + 0.1
M,8,"马上上马","庄园",,,813,B - 左边右滑条结尾,B - 左下单点,509,911,1728919,40 - 0.4
,,"爱在我身边","吴映洁",,红色,247,B - 左边单点,B - 左边长条中间,163,359,685015,29 - 0.2
X,8,"響喜乱舞","GARNiDELiA",,,179、180、182、215、216、218、586、587、589、622,A - 右边单点,A - 左下单点、右边单点,467,873,1899907,37 - 0.1
,,"Badass Woman","Meghan Trainor",,红色,179、187、367、375,A - 右下单点,A - 左下单点,250,533,794574,25 + 0.0
,,"如果当时","胡夏",,红色,520,B - 左边滑点、右边滑点,B - 右边左滑条开始,319,697,1172968,40 + 0.2
Z,6,"最苦的甜","胡夏",,红色,518,B - 左下单点,B - 左下单点、一单点（cool）,294,644,1146272,31 + 0.3
F,10,"Flower Dance(困难版)","DJ OKAWARI",,,620,B - 右边单点,B - 左边单点、右下单点,358,946,2007595,41 + 0.4
,,"HERO","李子璇",,红色,362、362,B - 一单点（cool）、左边滑点,B - 左边单点、右下滑点,268,587,1156434,42 + 0.3
N,6,"那时正好","赵政豪",,,301,B - 左边长条开始、右下长条开始,B - 左下长条开始、右边单点,301,867,1338192,32 + 0.1
,,"我的名字","焦迈奇",,红色,238、238,A - 一单点（cool）、右边单点,A - 右边单点、一单点（cool）,385,715,1273975,38 - 0.5
,,"最好的天气","郭采洁",,红色,389、390、390、465、466、466,B - 右下单点,B - 左边单点、一单点（cool）,221,553,989316,28 - 0.5
Z,8,"仲夏","王北车",50,,424、430、985、991,A - 左边滑点、右边滑点,A - 左边左滑条右拐、右边长条开始,568,1337,2181503,40 - 0.5
A,8,"爱情的花样","孙燕姿",,,242、626,A - 右边长条结尾、左边滑点,A - 左下单点、右边单点,374,758,1606252,40 + 0.0
R,8,"Rookie","Red Velvet",,,98,A - 左边单点,A - 左边单点、右下单点,368,923,1709658,36 + 0.1
C,7,"宠坏","李俊佑/小潘潘",,,277、370、644、737,A - 左下长条结尾,A - 左下长条结尾、右下长条结尾,436,803,1507935,34 - 0.2
,,"Señorita","Shawn Mendes/Camila Cabello",,红色,275,B - 右下单点,B - 左边单点,199,514,875997,27 - 0.2
,,"藏不住的心跳","朱主爱",,红色,214,A - 左边单点,A - 右边单点,282,545,997832,34 + 0.3
W,6,"When You Know What Love Is","Craig David",,红色,155、464,A - 右下右滑条结尾,A - 中间单点,347,656,1125276,34 + 0.4
L,7,"凉凉(困难版)","杨宗纬/张碧晨",,,583、891,A - 左下左滑条结尾、右边滑点,A - 右下滑点,1007,1857,2654496,46 + 0.1
Q,7,"倾杯","SING女团",,红色,762,B - 左边单点、右边单点,B - 右边单点、一单点（cool）,452,870,1469572,42 - 0.1
,,"狂风里拥抱","信/A-Lin",,红色,614,B - 右下右滑条结尾,B - 左边长条结尾、右下单点,485,1048,1670227,48 + 0.3
G,7,"灌溉爱","郭采洁",,,328、730,A - 左边单点,A - 右边左滑条中间,465,863,1362470,35 + 0.2
,,"带我走","杨丞琳",,红色,147、633,A - 左边单点、右下单点,A - 左边长条结尾、右边长条结尾,434,903,1372540,41 + 0.2
F,8,"Faded(困难版)","Alan Walker",,,197、199、213、215,A - 左边右滑条开始、右边左滑条开始,A - 左边左滑条右拐、右下左滑条右拐,850,1640,2409459,42 + 0.3
,,"Carry on","Monsta X",,红色,354,B - 右边单点,B - 右边滑点,256,496,897272,30 - 0.2
Z,9,"钻石微笑","Run Girls, Run！",,,597,A - 左边长条结尾、右边单点,A - 右边左滑条结尾、左边单点,717,1424,2524211,47 + 0.3
,,"德寿宫石墙路的春天","允儿/10cm",,红色,347,B - 左边单点、右边单点,B - 左下单点,282,497,884928,32 - 0.3
,,"超大只怪兽","焦迈奇",,红色,140,A - 左边单点、右边单点,A - 左边单点、右边单点,230,431,768266,32 - 0.4
K,6,"Kids in the Dark","All Time Low",,,205、531,A - 左下单点,A - 右下单点,346,713,1284094,31 + 0.2
,,"盲眼画师","河图",,红色,417、851,A - 左边长条开始、右边长条开始,A - 左边长条结尾、右边长条结尾,581,1015,1574723,42 + 0.2
,,"Don't Need Your Love","NCT DREAM/HRVY",,红色,108、108、373、373,A - 一单点（cool）、左下滑点,A - 左边滑点,320,614,1079131,30 + 0.3
,,"I like you(炫舞音乐季主题曲)","孟美岐",100,,398,A - 右下右滑条中间、左边单点,A - 左边单点、右边滑点,472,1005,1799621,43 + 0.1
F,9,"flower of sorrow","花たん",,,289、882,A - 左边单点,A - 左边滑点、右边滑点,577,1239,2152220,43 + 0.0
C,9,"courage","戸松遥",,,1140,B - 左下滑点,B - 左边滑点,676,1419,2043553,36 - 0.2
H,6,"好想告诉你","谷泽智文",,红色,508,B - 左下左滑条中间,B - 左下单点、右边单点,319,746,1329390,36 - 0.2
W,6,"我只喜欢你","胡夏",,,683,B - 右边长条中间,B - 左边单点、右边单点,311,832,1418783,32 + 0.3
R,10,"R.1.S.E","R1SE",,,235,A - 左边右滑条开始,A - 中间滑点,675,1398,2288024,39 + 0.4
B,7,"白衣少年","许诗茵",,,858,B - 右下单点,B - 左下单点、右边单点,495,1081,1737292,34 + 0.0
M,8,"MARIA","黄明昊/KOHH",,,779,B - 左下长条开始、右下长条开始,B - 左边单点、中间单点,459,895,1525113,38 - 0.4
,,"Lil Mama","Jain",,红色,147,A - 右下单点,A - 右下滑点,300,561,980429,33 + 0.3
D,8,"单线告别","接个吻，开一枪/刘至佳",,,421、856,A - 右边左滑条右拐、左边单点,A - 右下单点,512,981,1723216,37 + 0.3
,,"Turn Up","周汤豪",,红色,175、489,A - 左边长条结尾,A - 左下单点,293,594,1023799,30 - 0.1
F,7,"Focus","TANGRAM",,,710、712,B - 右下单点,B - 右下滑点,378,944,1606684,41 - 0.3
,,"鍵ノ間","黒兎ウル",,,911、912、913、914,B - 右下单点,B - 左边滑点、右边单点,452,1016,2184997,47 + 0.0
,,"着陆","白举纲",,,135、389,A - 右下单点,A - 右下右滑条中间,271,648,1129427,28 + 0.0
A,8,"A型のうた","西野カナ",,,504,B - 左下单点,B - 左边右滑条结尾、右边单点,424,860,1572469,35 + 0.1
,,"永世のクレイドル","鈴華ゆう子",,,555,B - 左下单点,B - 右边单点,489,1039,1491665,39 + 0.1
G,6,"更发光","以团之名",,,588、589、590、591、597,B - 左下单点,B - 右下单点,403,711,1226392,28 - 0.2
,,"BEE","Rothy",,红色,119、119,A - 一单点（cool）、右边左滑条开始,A - 左下滑点,357,665,1035413,39 + 0.1
,,"Ever After","Alice",,,537,B - 右边左滑条中间,B - 右边滑点,441,908,1325953,31 + 0.3
S,6,"Sunny Side Up!","Red Velvet",,红色,263、263,A - 一单点（cool）、左边单点,A - 左下单点、一单点（cool）,355,681,1049419,32 + 0.4
,,"Let Me Hear","Fear, and Loathing in Las Vegas",,,1310、1319、1322、1325,B - 左边单点、右边单点,B - 左边单点、右边单点,900,1731,3580934,84 - 0.4
,,"七つ紅葉灯","木制みゅーと",,,467,A - 左下单点、右边滑点,A - 左边右滑条左拐、右边单点,759,1499,3369250,62 - 0.2
D,8,"DEAREST DROP","田所あずさ",,,232、234,A - 右下滑点,A - 左下滑点,661,1223,2012205,42 + 0.0
A,7,"Angel With A Shotgun","Nightcore",,,208、501,A - 左下单点,A - 左边单点,411,906,1477405,37 + 0.2
D,9,"当妮走了","徐真真",,,354、356、357、358、360、361、362、364、365、366,A - 左下单点,A - 左边单点,414,852,1793571,41 - 0.2
,,"长安巷","排骨教主",,红色,148,A - 右边右滑条中间,A - 左边滑点,230,475,877562,33 - 0.1
W,9,"五等分の気持ち","花泽香菜/竹達彩奈/伊藤美来/佐倉綾音/水瀬いのり",,,1084、1086,B - 右下单点,B - 左边单点,600,1234,2235541,47 + 0.2
,,"I Still Do","Why Don't We",,红色,231,A - 右下单点,A - 左下滑点,286,490,815019,27 + 0.2
W,6,"我很快乐","刘惜君",,红色,202、420,A - 左边滑点,A - 左边单点、右边单点,308,624,1125601,32 + 0.3
C,6,"彻底","庄心妍",,,880,B - 左边滑点,B - 左下单点、右边单点,499,1048,1750076,33 + 0.1
,,"我的朋友","TFBOYS",,,267、299、327、803、835、863,A - 右边左滑条结尾,A - 右边单点,566,1154,1933699,39 + 0.3
Q,10,"琪露诺的完美算术教室","IOSYS",,,883、884、885、886、887、888、889、890、891、911,B - 左边单点,B - 右下单点,855,1587,3398034,68 - 0.5
,,"One In A Billion","Wake Up, May'n!",,,761,B - 左边右滑条中间、右边长条中间,B - 右边滑点,541,1171,2004600,38 + 0.0
,,"别爱太满别睡太晚","贺一航",,,442,B - 左下长条中间、右边单点,B - 左下滑点,336,749,1230814,30 + 0.2
,,"两小无猜","小木",,红色,451,B - 右边单点,B - 左边长条结尾、右边长条结尾,309,705,1260508,39 + 0.2
,,"Brand New Story","GENERATIONS from EXILE TRIBE",,红色,96,A - 右下单点,A - 右边左滑条开始,246,588,995260,29 - 0.5
I,8,"I am YOU","Stray Kids",,,427、792,A - 右下滑点,A - 右边单点,573,985,1559276,38 + 0.3
,,"アリエラ","佐香智久/天月-あまつき-",,红色,455,B - 右边长条中间,B - 左边长条结尾、右边单点,356,858,1738892,50 - 0.1
,,"Shatter Me","Lindsey Stirling/Lzzy Hale",,,1329、1330,B - 左边单点,B - 右下单点,871,1501,2531975,66 + 0.4
,,"All Mine","f(x)",,红色,475,B - 右下长条结尾,B - 右下单点,383,743,1070757,31 - 0.5
,,"Come Back Down","Mediks",100,,242、1104,A - 中间单点,A - 右边左滑条开始,826,1616,2919716,49 - 0.5
,,"Sweet but Psycho","Ava Max",,,209、466,A - 右下单点,A - 右边单点,357,842,1529646,31 - 0.3
S,6,"SHOOT IT OUT","GENERATIONS from EXILE TRIBE/THE RAMPAGE from EXILE TRIBE",,,281、665,A - 左下单点,A - 左下单点,340,804,1347020,31 + 0.3
,,"赝品","简弘亦",,红色,358,B - 右边单点,B - 左下左滑条开始,241,490,977782,27 + 0.3
G,10,"冠世一战","言和",100,,1102,B - 左边单点、右边单点,B - 右下长条开始,810,1943,3221581,52 - 0.1
,,"I Want You to Know","Zedd/Selena Gomez",,,253,A - 左下单点,A - 右边单点,430,873,1326004,28 - 0.2
,,"新青年","李行亮",,红色,543,B - 右边单点,B - 右下单点,332,648,1034070,31 + 0.0
,,"灿烂之夏","王子异",,红色,159、388,A - 左边单点、右边单点,A - 左下单点、一单点（cool）,242,471,892995,36 + 0.2
T,8,"淘气堡","Chic Chili",,,129、667,A - 左边单点、右边单点,A - 右边滑点,622,1448,2190154,43 - 0.1
,,"Summer Time","倖田來未",,,477、933,A - 左边长条开始、右下单点,A - 左边长条中间,558,1061,1887014,40 - 0.4
,,"光耀","梁心颐",,红色,280、616,A - 右边单点,A - 左边滑点,354,690,1172446,34 + 0.2
,,"Getaway","Syn Cole",,,567,B - 右边单点,B - 左边单点,259,650,1110499,26 - 0.3
R,10,"Remember","FTISLAND",,,1861,B - 左下滑点、右边滑点,B - 左边长条中间、右边长条中间,1098,2015,2924966,43 + 0.1
,,"HIT","SEVENTEEN",,,276、278、555、557,A - 左边单点,A - 右边长条结尾、左下单点,351,675,1225641,28 + 0.2
,,"Dreams Come True","徐明浩",,红色,73,A - 左边滑点,A - 右下单点,294,584,1089590,30 - 0.5
,,"唱起这首歌","刘人语",,,227、578,A - 左边单点,A - 右下单点,372,723,1277376,33 + 0.0
B,6,"Birthday","罗志祥",,,471,B - 左边单点,B - 左边单点,471,791,1325089,30 - 0.4
,,"Good Girl 赶快爱","陈芳语",,红色,148、148、534、534,A - 一单点（cool）、右边单点,A - 左下单点、一单点（cool）,334,720,1267079,37 - 0.5
,,"空白少女电子祭","天音/zun",,,839,B - 左下单点,B - 左下滑点、右下滑点,392,938,1704839,38 - 0.2
L,8,"Last One Standing","Simple Plan",,,825、830,B - 左边单点、右边长条开始,B - 左下左滑条结尾、右边长条开始,426,1145,1924320,41 - 0.5
S,6,"SHOW THE WORLD","林俊杰",,红色,548、548,B - 一单点（cool）、左边单点,B - 左边单点、一单点（cool）,364,609,964284,30 + 0.0
,,"孤身","徐秉龙",,红色,198,A - 右边右滑条中间,A - 右边单点,267,511,880099,28 - 0.5
,,"Time with you","圭贤",,红色,338,B - 左下滑点,B - 右边单点,221,415,715889,25 - 0.1
A,9,"Another(Feat. 王嘉尔)","秦奋",100,,310,A - 右边单点,A - 左下左滑条结尾、右边单点,692,1422,2367578,41 + 0.1
W,7,"我的告白","王栎鑫/周文杰",,,399、863,A - 右边长条中间、左边单点,A - 左边长条中间、右下单点,639,1103,1803859,40 - 0.4
R,8,"Radiant","TANGRAM",,,381、884,A - 右边长条结尾、左边单点,A - 右下右滑条结尾、左边单点,525,1073,1756281,41 - 0.4
,,"Leave Out All The Rest","Linkin Park",,,1347,B - 左下长条结尾,B - 左边长条结尾、右边长条中间,660,1477,1995638,42 + 0.3
,,"春、恋桜。","majiko",,红色,99、275、276、277,A - 左边单点,A - 左边单点,189,400,735720,24 - 0.3
,,"Leaving California","Maroon 5",,红色,182、183、183、528、529、529,A - 左下单点,A - 左下单点、一单点（cool）,318,663,976913,28 + 0.4
Q,7,"群居动物","胡66",,,146,A - 左边滑点,A - 右边单点,394,772,1520790,38 + 0.3
,,"DAYS of DASH","鈴木このみ",,,246、248、859、861,A - 左边单点、右下单点,A - 左下单点、右边单点,613,1226,1991708,41 + 0.0
,,"有你我就不孤单","罗志祥/恺乐/C.T.O",,,337、339、340、341、348、676、678、679、680、687,A - 右下单点,A - 右边单点,416,891,1558418,35 + 0.1
D,6,"地铁等待","张紫豪",,,276、680,A - 左下单点,A - 右下单点,477,881,1342457,28 + 0.1
,,"Light up","刘人语",,,1271,B - 左边单点、右边单点,B - 左边单点、右边单点,691,1359,2637841,49 - 0.2
,,"世界は恋に落ちている","CHiCO with HoneyWorks",,,595,B - 左边长条中间,B - 左边左滑条结尾、右边左滑条结尾,328,689,1432705,34 + 0.4
,,"好喜欢你","颜人中",,红色,379,B - 右下长条结尾,B - 右边单点,181,448,846553,32 + 0.2
,,"Pink Magic","艺声",,,206、207、211、212、408、409、413、414,A - 左下单点,A - 左下单点,296,598,1011534,25 - 0.1
B,6,"Break The Rules","Charli XCX",,红色,471,B - 右边单点,B - 右边滑点,338,649,1284862,37 + 0.4
F,8,"浮年盏","刘珂矣",,,1167,B - 右边右滑条左拐、左边长条开始,B - 右边滑点,583,1284,2014097,41 + 0.3
L,9,"啰哩叭唆","陈嘉桦",,,476,B - 右下右滑条结尾、左边滑点,B - 右下右滑条结尾、左边单点,418,858,1797671,38 + 0.2
,,"我们很好","林俊杰",,红色,242,B - 右下右滑条中间,B - 左下左滑条结尾,234,456,749567,27 + 0.0
,,"Snapping","金请夏",,红色,164、443,A - 左下单点、右边单点,A - 左下滑点,257,569,1066092,33 - 0.2
,,"树洞","欧阳娜娜",,,723,B - 左边长条开始、右边单点,B - 左边右滑条结尾、右边单点,550,1002,1544416,40 - 0.1
,,"别再靠近我了","陈雪凝",,红色,714,B - 左下滑点、右下右滑条开始,B - 右边左滑条结尾、左边单点,453,931,1440897,45 - 0.2
,,"好奇的猫","胡66",,红色,178、178、501、501,A - 一单点（cool）、右边单点,A - 左边单点、右边单点,350,668,1159386,33 - 0.2
,,"流光记","银临",,红色,263、475,A - 左下滑点、右边单点,A - 左边滑点,355,651,1175017,32 + 0.4
L,7,"Light","San Holo",,红色,711,B - 右边单点,B - 左边单点,462,975,1709154,45 + 0.2
,,"カーストルーム","ZAQ",,,1149,B - 右下长条中间,B - 右下长条结尾,507,1252,1877096,39 + 0.0
W,6,"我要飞","飞儿乐团",,,104、105,A - 右边单点,A - 左边单点,384,814,1281427,33 + 0.1
,,"傻了吧","大张伟",,,1278,B - 右边长条中间、左下单点,B - 中间滑点,631,1459,2514423,45 + 0.0
,,"Ring of Fortune","佐々木恵梨",,,436、1017,A - 左下长条开始,A - 左边长条结尾,582,1159,1938912,37 + 0.3
,,"Talking to Myself","Linkin Park",,,589、590、594,B - 左下单点,B - 左下单点,431,739,1213764,29 - 0.3