首字母,等级,文件名,歌名,歌手,类型,技能,爆点,bar,box,开头描述,结尾描述,分数,指数
,,Dogs Eating Dogs 4k节奏转谱 187.xml,"Dogs Eating Dogs 4k节奏转谱","Blink-182",非押爆,极限,561,37,0,A - 三四轨滑键,A - 三轨单点,4482264,79 + 0.0
,,Dogs Eating Dogs 4k节奏转谱 187.xml,"Dogs Eating Dogs 4k节奏转谱","Blink-182",非押爆,极限,562,37,2,A - 一轨单点,A - 一轨单点,4482264,79 + 0.0
,,Dogs Eating Dogs 4k节奏转谱 187.xml,"Dogs Eating Dogs 4k节奏转谱","Blink-182",非押爆,极限,563,37,4,A - 三轨单点,A - 三四轨滑键,4482264,79 + 0.0
,,Dogs Eating Dogs 4k节奏转谱 187.xml,"Dogs Eating Dogs 4k节奏转谱","Blink-182",非押爆,极限,564,37,6,A - 一轨单点,A - 一轨单点,4482264,79 + 0.0
,,Dogs Eating Dogs 4k节奏转谱 187.xml,"Dogs Eating Dogs 4k节奏转谱","Blink-182",非押爆,极限,565,37,8,A - 三轨单点,A - 三轨单点,4482264,79 + 0.0
,,Dogs Eating Dogs 4k节奏转谱 187.xml,"Dogs Eating Dogs 4k节奏转谱","Blink-182",非押爆,极限,566,37,10,A - 一轨单点,A - 一轨单点,4482264,79 + 0.0
,,Dogs Eating Dogs 4k节奏转谱 187.xml,"Dogs Eating Dogs 4k节奏转谱","Blink-182",非押爆,极限,567,37,12,A - 三四轨滑键,A - 三轨单点,4482264,79 + 0.0
,,Dogs Eating Dogs 4k节奏转谱 187.xml,"Dogs Eating Dogs 4k节奏转谱","Blink-182",非押爆,极限,568,37,14,A - 一轨单点,A - 一轨单点,4482264,79 + 0.0
,,Dogs Eating Dogs 4k节奏转谱 187.xml,"Dogs Eating Dogs 4k节奏转谱","Blink-182",非押爆,极限,569,37,16,A - 三轨单点,A - 三四轨滑键,4482264,79 + 0.0
,,Dogs Eating Dogs 4k节奏转谱 187.xml,"Dogs Eating Dogs 4k节奏转谱","Blink-182",非押爆,极限,570,37,18,A - 一轨单点,A - 一轨单点,4482264,79 + 0.0
,,Dogs Eating Dogs 4k节奏转谱 187.xml,"Dogs Eating Dogs 4k节奏转谱","Blink-182",押爆,极限,561,37,0,A - 三四轨滑键,A - 三四轨滑键,4485726,81 + 0.0
,,Dogs Eating Dogs 4k节奏转谱 187.xml,"Dogs Eating Dogs 4k节奏转谱","Blink-182",押爆,极限,562,37,2,A - 一轨单点,A - 一轨单点,4485726,81 + 0.0
,,Dogs Eating Dogs 4k节奏转谱 187.xml,"Dogs Eating Dogs 4k节奏转谱","Blink-182",押爆,极限,563,37,4,A - 三轨单点,A - 三轨单点,4485726,81 + 0.0
,,Dogs Eating Dogs 4k节奏转谱 187.xml,"Dogs Eating Dogs 4k节奏转谱","Blink-182",押爆,极限,564,37,6,A - 一轨单点,A - 一轨单点,4485726,81 + 0.0
,,Dogs Eating Dogs 4k节奏转谱 187.xml,"Dogs Eating Dogs 4k节奏转谱","Blink-182",押爆,极限,565,37,8,A - 三轨单点,A - 三轨单点,4485726,81 + 0.0
,,Dogs Eating Dogs 4k节奏转谱 187.xml,"Dogs Eating Dogs 4k节奏转谱","Blink-182",押爆,极限,566,37,10,A - 一轨单点,A - 一轨单点,4485726,81 + 0.0
,,Dogs Eating Dogs 4k节奏转谱 187.xml,"Dogs Eating Dogs 4k节奏转谱","Blink-182",押爆,极限,567,37,12,A - 三四轨滑键,A - 三四轨滑键,4485726,81 + 0.0
,,Dogs Eating Dogs 4k节奏转谱 187.xml,"Dogs Eating Dogs 4k节奏转谱","Blink-182",押爆,极限,568,37,14,A - 一轨单点,A - 一轨单点,4485726,81 + 0.0
,,Dogs Eating Dogs 4k节奏转谱 187.xml,"Dogs Eating Dogs 4k节奏转谱","Blink-182",押爆,极限,569,37,16,A - 三轨单点,A - 三轨单点,4485726,81 + 0.0
,,Dogs Eating Dogs 4k节奏转谱 187.xml,"Dogs Eating Dogs 4k节奏转谱","Blink-182",押爆,极限,570,37,18,A - 一轨单点,A - 一轨单点,4485726,81 + 0.0
,,Dogs Eating Dogs 4k节奏转谱 187.xml,"Dogs Eating Dogs 4k节奏转谱","Blink-182",超极限,极限,561,36,31,A - 三四轨滑键,A - 三四轨滑键,4485726,81 + 0.0
,,Dogs Eating Dogs 4k节奏转谱 187.xml,"Dogs Eating Dogs 4k节奏转谱","Blink-182",超极限,极限,562,37,1,A - 一轨单点,A - 一轨单点,4485726,81 + 0.0
,,Dogs Eating Dogs 4k节奏转谱 187.xml,"Dogs Eating Dogs 4k节奏转谱","Blink-182",超极限,极限,563,37,3,A - 三轨单点,A - 三轨单点,4485726,81 + 0.0
,,Dogs Eating Dogs 4k节奏转谱 187.xml,"Dogs Eating Dogs 4k节奏转谱","Blink-182",超极限,极限,564,37,5,A - 一轨单点,A - 一轨单点,4485726,81 + 0.0
,,Dogs Eating Dogs 4k节奏转谱 187.xml,"Dogs Eating Dogs 4k节奏转谱","Blink-182",超极限,极限,565,37,7,A - 三轨单点,A - 三轨单点,4485726,81 + 0.0
,,Dogs Eating Dogs 4k节奏转谱 187.xml,"Dogs Eating Dogs 4k节奏转谱","Blink-182",超极限,极限,566,37,9,A - 一轨单点,A - 一轨单点,4485726,81 + 0.0
,,Dogs Eating Dogs 4k节奏转谱 187.xml,"Dogs Eating Dogs 4k节奏转谱","Blink-182",超极限,极限,567,37,11,A - 三四轨滑键,A - 三四轨滑键,4485726,81 + 0.0
,,Dogs Eating Dogs 4k节奏转谱 187.xml,"Dogs Eating Dogs 4k节奏转谱","Blink-182",超极限,极限,568,37,13,A - 一轨单点,A - 一轨单点,4485726,81 + 0.0
,,Dogs Eating Dogs 4k节奏转谱 187.xml,"Dogs Eating Dogs 4k节奏转谱","Blink-182",超极限,极限,569,37,15,A - 三轨单点,A - 三轨单点,4485726,81 + 0.0
,,Dogs Eating Dogs 4k节奏转谱 187.xml,"Dogs Eating Dogs 4k节奏转谱","Blink-182",超极限,极限,570,37,17,A - 一轨单点,A - 一轨单点,4485726,81 + 0.0
,,Beethoven Virus 5k节奏转谱 234.xml,"Beethoven Virus 5k节奏转谱","Diana Boncheva",非押爆,极限,800,107,6,A - 一轨单点,A - 四轨单点,2623948,51 + 0.0
,,Beethoven Virus 5k节奏转谱 234.xml,"Beethoven Virus 5k节奏转谱","Diana Boncheva",非押爆,极限,801,107,9,A - 三轨单点,A - 四轨单点,2623948,51 + 0.0
,,Beethoven Virus 5k节奏转谱 234.xml,"Beethoven Virus 5k节奏转谱","Diana Boncheva",非押爆,极限,802,107,12,A - 五轨单点,A - 一轨单点,2623948,51 + 0.0
,,Beethoven Virus 5k节奏转谱 234.xml,"Beethoven Virus 5k节奏转谱","Diana Boncheva",非押爆,极限,803,107,15,A - 二轨单点,A - 一轨单点,2623948,51 + 0.0
,,Beethoven Virus 5k节奏转谱 234.xml,"Beethoven Virus 5k节奏转谱","Diana Boncheva",非押爆,极限,804,107,18,A - 四轨单点,A - 三轨单点,2623948,51 + 0.0
,,Beethoven Virus 5k节奏转谱 234.xml,"Beethoven Virus 5k节奏转谱","Diana Boncheva",非押爆,极限,805,107,21,A - 三轨单点,A - 四轨单点,2623948,51 + 0.0
,,Beethoven Virus 5k节奏转谱 234.xml,"Beethoven Virus 5k节奏转谱","Diana Boncheva",非押爆,极限,806,107,24,A - 四轨单点,A - 五轨单点,2623948,51 + 0.0
,,Beethoven Virus 5k节奏转谱 234.xml,"Beethoven Virus 5k节奏转谱","Diana Boncheva",押爆,极限,800,107,5,A - 一轨单点,A - 四轨单点,2625679,52 + 0.0
,,Beethoven Virus 5k节奏转谱 234.xml,"Beethoven Virus 5k节奏转谱","Diana Boncheva",押爆,极限,801,107,8,A - 三轨单点,A - 一轨单点,2625679,52 + 0.0
,,Beethoven Virus 5k节奏转谱 234.xml,"Beethoven Virus 5k节奏转谱","Diana Boncheva",押爆,极限,802,107,11,A - 五轨单点,A - 一轨单点,2625679,52 + 0.0
,,Beethoven Virus 5k节奏转谱 234.xml,"Beethoven Virus 5k节奏转谱","Diana Boncheva",押爆,极限,803,107,14,A - 二轨单点,A - 三轨单点,2625679,52 + 0.0
,,Beethoven Virus 5k节奏转谱 234.xml,"Beethoven Virus 5k节奏转谱","Diana Boncheva",押爆,极限,804,107,17,A - 四轨单点,A - 四轨单点,2625679,52 + 0.0
,,Beethoven Virus 5k节奏转谱 234.xml,"Beethoven Virus 5k节奏转谱","Diana Boncheva",押爆,极限,805,107,20,A - 三轨单点,A - 五轨单点,2625679,52 + 0.0
,,Beethoven Virus 5k节奏转谱 234.xml,"Beethoven Virus 5k节奏转谱","Diana Boncheva",超极限,极限,800,107,4,A - 一轨单点,A - 四轨单点,2625679,52 + 0.0
,,Beethoven Virus 5k节奏转谱 234.xml,"Beethoven Virus 5k节奏转谱","Diana Boncheva",超极限,极限,801,107,7,A - 三轨单点,A - 一轨单点,2625679,52 + 0.0
,,Beethoven Virus 5k节奏转谱 234.xml,"Beethoven Virus 5k节奏转谱","Diana Boncheva",超极限,极限,802,107,10,A - 五轨单点,A - 一轨单点,2625679,52 + 0.0
,,Beethoven Virus 5k节奏转谱 234.xml,"Beethoven Virus 5k节奏转谱","Diana Boncheva",超极限,极限,803,107,13,A - 二轨单点,A - 三轨单点,2625679,52 + 0.0
,,Beethoven Virus 5k节奏转谱 234.xml,"Beethoven Virus 5k节奏转谱","Diana Boncheva",超极限,极限,804,107,16,A - 四轨单点,A - 四轨单点,2625679,52 + 0.0
,,Beethoven Virus 5k节奏转谱 234.xml,"Beethoven Virus 5k节奏转谱","Diana Boncheva",超极限,极限,805,107,19,A - 三轨单点,A - 五轨单点,2625679,52 + 0.0
,,Dogs Eating Dogs 5k节奏转谱 187.xml,"Dogs Eating Dogs 5k节奏转谱","Blink-182",非押爆,极限,561,37,0,A - 四五轨滑键,A - 四轨单点,4482264,79 + 0.0
,,Dogs Eating Dogs 5k节奏转谱 187.xml,"Dogs Eating Dogs 5k节奏转谱","Blink-182",非押爆,极限,562,37,2,A - 一轨单点,A - 一轨单点,4482264,79 + 0.0
,,Dogs Eating Dogs 5k节奏转谱 187.xml,"Dogs Eating Dogs 5k节奏转谱","Blink-182",非押爆,极限,563,37,4,A - 四轨单点,A - 四五轨滑键,4482264,79 + 0.0
,,Dogs Eating Dogs 5k节奏转谱 187.xml,"Dogs Eating Dogs 5k节奏转谱","Blink-182",非押爆,极限,564,37,6,A - 一轨单点,A - 一轨单点,4482264,79 + 0.0
,,Dogs Eating Dogs 5k节奏转谱 187.xml,"Dogs Eating Dogs 5k节奏转谱","Blink-182",非押爆,极限,565,37,8,A - 四轨单点,A - 四轨单点,4482264,79 + 0.0
,,Dogs Eating Dogs 5k节奏转谱 187.xml,"Dogs Eating Dogs 5k节奏转谱","Blink-182",非押爆,极限,566,37,10,A - 一轨单点,A - 一轨单点,4482264,79 + 0.0
,,Dogs Eating Dogs 5k节奏转谱 187.xml,"Dogs Eating Dogs 5k节奏转谱","Blink-182",非押爆,极限,567,37,12,A - 四五轨滑键,A - 四轨单点,4482264,79 + 0.0
,,Dogs Eating Dogs 5k节奏转谱 187.xml,"Dogs Eating Dogs 5k节奏转谱","Blink-182",非押爆,极限,568,37,14,A - 一轨单点,A - 一轨单点,4482264,79 + 0.0
,,Dogs Eating Dogs 5k节奏转谱 187.xml,"Dogs Eating Dogs 5k节奏转谱","Blink-182",非押爆,极限,569,37,16,A - 四轨单点,A - 四五轨滑键,4482264,79 + 0.0
,,Dogs Eating Dogs 5k节奏转谱 187.xml,"Dogs Eating Dogs 5k节奏转谱","Blink-182",非押爆,极限,570,37,18,A - 一轨单点,A - 一轨单点,4482264,79 + 0.0
,,Dogs Eating Dogs 5k节奏转谱 187.xml,"Dogs Eating Dogs 5k节奏转谱","Blink-182",押爆,极限,561,37,0,A - 四五轨滑键,A - 四五轨滑键,4485726,81 + 0.0
,,Dogs Eating Dogs 5k节奏转谱 187.xml,"Dogs Eating Dogs 5k节奏转谱","Blink-182",押爆,极限,562,37,2,A - 一轨单点,A - 一轨单点,4485726,81 + 0.0
,,Dogs Eating Dogs 5k节奏转谱 187.xml,"Dogs Eating Dogs 5k节奏转谱","Blink-182",押爆,极限,563,37,4,A - 四轨单点,A - 四轨单点,4485726,81 + 0.0
,,Dogs Eating Dogs 5k节奏转谱 187.xml,"Dogs Eating Dogs 5k节奏转谱","Blink-182",押爆,极限,564,37,6,A - 一轨单点,A - 一轨单点,4485726,81 + 0.0
,,Dogs Eating Dogs 5k节奏转谱 187.xml,"Dogs Eating Dogs 5k节奏转谱","Blink-182",押爆,极限,565,37,8,A - 四轨单点,A - 四轨单点,4485726,81 + 0.0
,,Dogs Eating Dogs 5k节奏转谱 187.xml,"Dogs Eating Dogs 5k节奏转谱","Blink-182",押爆,极限,566,37,10,A - 一轨单点,A - 一轨单点,4485726,81 + 0.0
,,Dogs Eating Dogs 5k节奏转谱 187.xml,"Dogs Eating Dogs 5k节奏转谱","Blink-182",押爆,极限,567,37,12,A - 四五轨滑键,A - 四五轨滑键,4485726,81 + 0.0
,,Dogs Eating Dogs 5k节奏转谱 187.xml,"Dogs Eating Dogs 5k节奏转谱","Blink-182",押爆,极限,568,37,14,A - 一轨单点,A - 一轨单点,4485726,81 + 0.0
,,Dogs Eating Dogs 5k节奏转谱 187.xml,"Dogs Eating Dogs 5k节奏转谱","Blink-182",押爆,极限,569,37,16,A - 四轨单点,A - 四轨单点,4485726,81 + 0.0
,,Dogs Eating Dogs 5k节奏转谱 187.xml,"Dogs Eating Dogs 5k节奏转谱","Blink-182",押爆,极限,570,37,18,A - 一轨单点,A - 一轨单点,4485726,81 + 0.0
,,Dogs Eating Dogs 5k节奏转谱 187.xml,"Dogs Eating Dogs 5k节奏转谱","Blink-182",超极限,极限,561,36,31,A - 四五轨滑键,A - 四五轨滑键,4485726,81 + 0.0
,,Dogs Eating Dogs 5k节奏转谱 187.xml,"Dogs Eating Dogs 5k节奏转谱","Blink-182",超极限,极限,562,37,1,A - 一轨单点,A - 一轨单点,4485726,81 + 0.0
,,Dogs Eating Dogs 5k节奏转谱 187.xml,"Dogs Eating Dogs 5k节奏转谱","Blink-182",超极限,极限,563,37,3,A - 四轨单点,A - 四轨单点,4485726,81 + 0.0
,,Dogs Eating Dogs 5k节奏转谱 187.xml,"Dogs Eating Dogs 5k节奏转谱","Blink-182",超极限,极限,564,37,5,A - 一轨单点,A - 一轨单点,4485726,81 + 0.0
,,Dogs Eating Dogs 5k节奏转谱 187.xml,"Dogs Eating Dogs 5k节奏转谱","Blink-182",超极限,极限,565,37,7,A - 四轨单点,A - 四轨单点,4485726,81 + 0.0
,,Dogs Eating Dogs 5k节奏转谱 187.xml,"Dogs Eating Dogs 5k节奏转谱","Blink-182",超极限,极限,566,37,9,A - 一轨单点,A - 一轨单点,4485726,81 + 0.0
,,Dogs Eating Dogs 5k节奏转谱 187.xml,"Dogs Eating Dogs 5k节奏转谱","Blink-182",超极限,极限,567,37,11,A - 四五轨滑键,A - 四五轨滑键,4485726,81 + 0.0
,,Dogs Eating Dogs 5k节奏转谱 187.xml,"Dogs Eating Dogs 5k节奏转谱","Blink-182",超极限,极限,568,37,13,A - 一轨单点,A - 一轨单点,4485726,81 + 0.0
,,Dogs Eating Dogs 5k节奏转谱 187.xml,"Dogs Eating Dogs 5k节奏转谱","Blink-182",超极限,极限,569,37,15,A - 四轨单点,A - 四轨单点,4485726,81 + 0.0
,,Dogs Eating Dogs 5k节奏转谱 187.xml,"Dogs Eating Dogs 5k节奏转谱","Blink-182",超极限,极限,570,37,17,A - 一轨单点,A - 一轨单点,4485726,81 + 0.0
,,Bad Apple!! 4k节奏转谱 207.xml,"Bad Apple!! 4k节奏转谱","Nomiko",非押爆,极限,1029,90,4,A - 二一轨滑键、四轨单点,A - 二轨单点,3256707,46 + 0.3
,,Bad Apple!! 4k节奏转谱 207.xml,"Bad Apple!! 4k节奏转谱","Nomiko",非押爆,极限,1032,90,16,A - 一二轨滑键、四轨单点,A - 一轨单点、三轨单点,3256707,46 + 0.3
,,Bad Apple!! 4k节奏转谱 207.xml,"Bad Apple!! 4k节奏转谱","Nomiko",押爆,极限,1029,90,0,A - 二一轨滑键、四轨单点,A - 二轨单点,3256707,46 + 0.3
,,Bad Apple!! 4k节奏转谱 207.xml,"Bad Apple!! 4k节奏转谱","Nomiko",押爆,极限,1032,90,12,A - 一二轨滑键、四轨单点,A - 一轨单点、三轨单点,3256707,46 + 0.3
,,Bad Apple!! 4k节奏转谱 207.xml,"Bad Apple!! 4k节奏转谱","Nomiko",超极限,极限,1029,89,31,A - 二一轨滑键、四轨单点,A - 二轨单点,3256707,46 + 0.3
,,Bad Apple!! 4k节奏转谱 207.xml,"Bad Apple!! 4k节奏转谱","Nomiko",超极限,极限,1032,90,11,A - 一二轨滑键、四轨单点,A - 一轨单点、三轨单点,3256707,46 + 0.3
,,Dear Mozart 4k节奏转谱 210_odd.xml,"Dear Mozart 4k节奏转谱","JerryC",非押爆,极限,1990,98,4,A - 一轨单点、三轨单点,A - 一轨单点、二轨长条右滑,5430358,82 + 0.3
,,Dear Mozart 4k节奏转谱 210_odd.xml,"Dear Mozart 4k节奏转谱","JerryC",押爆,极限,1988,98,0,A - 一轨单点、三轨单点,A - 一轨单点、二轨长条右滑,5433820,84 + 0.3
,,Dear Mozart 4k节奏转谱 210_odd.xml,"Dear Mozart 4k节奏转谱","JerryC",超极限,极限,1979,97,12,A - 一轨单点、三轨单点,A - 三轨长条右滑,5433823,84 + 0.3
,,Asura 4k节奏转谱 265.5.xml,"Asura 4k节奏转谱","AstroKid",非押爆,极限,1307,101,24,A - 一轨单点,A - 一轨单点、三轨长条开始,3607997,62 - 0.5
,,Asura 4k节奏转谱 265.5.xml,"Asura 4k节奏转谱","AstroKid",押爆,极限,1307,101,24,A - 一轨单点,A - 三轨长条中间,3609035,62 + 0.1
,,Asura 4k节奏转谱 265.5.xml,"Asura 4k节奏转谱","AstroKid",超极限,极限,1307,101,23,A - 一轨单点,A - 三轨长条中间,3609035,62 + 0.1
,,Bad Apple!! 5k节奏转谱 207.xml,"Bad Apple!! 5k节奏转谱","Nomiko",非押爆,极限,858,78,4,A - 一轨单点、三轨单点,A - 一轨单点、四轨单点,2970572,42 + 0.2
,,Bad Apple!! 5k节奏转谱 207.xml,"Bad Apple!! 5k节奏转谱","Nomiko",非押爆,极限,861,78,16,A - 一轨单点、五轨单点,A - 一轨单点、四轨单点,2970572,42 + 0.2
,,Bad Apple!! 5k节奏转谱 207.xml,"Bad Apple!! 5k节奏转谱","Nomiko",非押爆,极限,872,79,20,A - 一轨单点、四轨单点,A - 一轨单点、五轨单点,2970572,42 + 0.2
,,Bad Apple!! 5k节奏转谱 207.xml,"Bad Apple!! 5k节奏转谱","Nomiko",非押爆,极限,887,81,4,A - 一轨单点、三轨单点,A - 一轨单点、四轨单点,2970572,42 + 0.2
,,Bad Apple!! 5k节奏转谱 207.xml,"Bad Apple!! 5k节奏转谱","Nomiko",非押爆,极限,890,81,16,A - 一轨单点、五轨单点,A - 一轨单点、四轨单点,2970572,42 + 0.2
,,Bad Apple!! 5k节奏转谱 207.xml,"Bad Apple!! 5k节奏转谱","Nomiko",押爆,极限,105,17,5,A - 一轨长条结尾、五轨单点,A - 二轨单点,2971433,43 - 0.3
,,Bad Apple!! 5k节奏转谱 207.xml,"Bad Apple!! 5k节奏转谱","Nomiko",超极限,极限,108,17,15,A - 四轨单点,A - 五轨单点,2972645,43 + 0.4
,,Drama 5k节奏转谱 201.xml,"Drama 5k节奏转谱","Diana Boncheva",非押爆,极限,804,68,6,A - 二轨单点,A - 二一轨滑键、五轨长条开始,3640989,61 + 0.3
,,Drama 5k节奏转谱 201.xml,"Drama 5k节奏转谱","Diana Boncheva",押爆,极限,803,68,2,A - 三轨单点,A - 二一轨滑键、五轨长条开始,3642720,62 + 0.3
,,Drama 5k节奏转谱 201.xml,"Drama 5k节奏转谱","Diana Boncheva",超极限,极限,803,68,3,A - 三轨单点,A - 五轨长条中间,3643239,63 - 0.4
,,Beethoven Virus 4k节奏转谱 312_odd.xml,"Beethoven Virus 4k节奏转谱","Diana Boncheva",非押爆,极限,777,127,8,A - 一轨单点,A - 一轨单点,2722851,39 + 0.0
,,Beethoven Virus 4k节奏转谱 312_odd.xml,"Beethoven Virus 4k节奏转谱","Diana Boncheva",非押爆,极限,778,127,12,A - 三轨单点,A - 二轨单点,2722851,39 + 0.0
,,Beethoven Virus 4k节奏转谱 312_odd.xml,"Beethoven Virus 4k节奏转谱","Diana Boncheva",非押爆,极限,779,127,16,A - 四轨单点,A - 三轨单点,2722851,39 + 0.0
,,Beethoven Virus 4k节奏转谱 312_odd.xml,"Beethoven Virus 4k节奏转谱","Diana Boncheva",非押爆,极限,780,127,20,A - 二轨单点,A - 四轨单点,2722851,39 + 0.0
,,Beethoven Virus 4k节奏转谱 312_odd.xml,"Beethoven Virus 4k节奏转谱","Diana Boncheva",非押爆,极限,885,143,8,A - 一轨单点,A - 一轨单点,2722851,39 + 0.0
,,Beethoven Virus 4k节奏转谱 312_odd.xml,"Beethoven Virus 4k节奏转谱","Diana Boncheva",非押爆,极限,886,143,12,A - 三轨单点,A - 二轨单点,2722851,39 + 0.0
,,Beethoven Virus 4k节奏转谱 312_odd.xml,"Beethoven Virus 4k节奏转谱","Diana Boncheva",非押爆,极限,887,143,16,A - 四轨单点,A - 三轨单点,2722851,39 + 0.0
,,Beethoven Virus 4k节奏转谱 312_odd.xml,"Beethoven Virus 4k节奏转谱","Diana Boncheva",非押爆,极限,888,143,20,A - 二轨单点,A - 四轨单点,2722851,39 + 0.0
,,Beethoven Virus 4k节奏转谱 312_odd.xml,"Beethoven Virus 4k节奏转谱","Diana Boncheva",押爆,极限,777,127,8,A - 一轨单点,A - 二轨单点,2724582,40 + 0.0
,,Beethoven Virus 4k节奏转谱 312_odd.xml,"Beethoven Virus 4k节奏转谱","Diana Boncheva",押爆,极限,778,127,12,A - 三轨单点,A - 三轨单点,2724582,40 + 0.0
,,Beethoven Virus 4k节奏转谱 312_odd.xml,"Beethoven Virus 4k节奏转谱","Diana Boncheva",押爆,极限,779,127,16,A - 四轨单点,A - 四轨单点,2724582,40 + 0.0
,,Beethoven Virus 4k节奏转谱 312_odd.xml,"Beethoven Virus 4k节奏转谱","Diana Boncheva",押爆,极限,885,143,8,A - 一轨单点,A - 二轨单点,2724582,40 + 0.0
,,Beethoven Virus 4k节奏转谱 312_odd.xml,"Beethoven Virus 4k节奏转谱","Diana Boncheva",押爆,极限,886,143,12,A - 三轨单点,A - 三轨单点,2724582,40 + 0.0
,,Beethoven Virus 4k节奏转谱 312_odd.xml,"Beethoven Virus 4k节奏转谱","Diana Boncheva",押爆,极限,887,143,16,A - 四轨单点,A - 四轨单点,2724582,40 + 0.0
,,Beethoven Virus 4k节奏转谱 312_odd.xml,"Beethoven Virus 4k节奏转谱","Diana Boncheva",超极限,极限,777,127,7,A - 一轨单点,A - 二轨单点,2724582,40 + 0.0
,,Beethoven Virus 4k节奏转谱 312_odd.xml,"Beethoven Virus 4k节奏转谱","Diana Boncheva",超极限,极限,778,127,11,A - 三轨单点,A - 三轨单点,2724582,40 + 0.0
,,Beethoven Virus 4k节奏转谱 312_odd.xml,"Beethoven Virus 4k节奏转谱","Diana Boncheva",超极限,极限,779,127,15,A - 四轨单点,A - 四轨单点,2724582,40 + 0.0
,,Beethoven Virus 4k节奏转谱 312_odd.xml,"Beethoven Virus 4k节奏转谱","Diana Boncheva",超极限,极限,885,143,7,A - 一轨单点,A - 二轨单点,2724582,40 + 0.0
,,Beethoven Virus 4k节奏转谱 312_odd.xml,"Beethoven Virus 4k节奏转谱","Diana Boncheva",超极限,极限,886,143,11,A - 三轨单点,A - 三轨单点,2724582,40 + 0.0
,,Beethoven Virus 4k节奏转谱 312_odd.xml,"Beethoven Virus 4k节奏转谱","Diana Boncheva",超极限,极限,887,143,15,A - 四轨单点,A - 四轨单点,2724582,40 + 0.0
,,Drama 5k节奏转谱 268.xml,"Drama 5k节奏转谱","Diana Boncheva",非押爆,极限,1323,123,16,A - 五轨单点,A - 五轨长条中间,3826369,50 - 0.5
,,Drama 5k节奏转谱 268.xml,"Drama 5k节奏转谱","Diana Boncheva",押爆,极限,1325,123,24,A - 四轨长条开始,A - 一轨单点、五轨长条中间,3827752,50 + 0.3
,,Drama 5k节奏转谱 268.xml,"Drama 5k节奏转谱","Diana Boncheva",超极限,极限,1325,123,23,A - 四轨长条开始,A - 一轨单点、五轨长条中间,3827752,50 + 0.3
,,Drama 5k节奏转谱 268.xml,"Drama 5k节奏转谱","Diana Boncheva",超极限,极限,1326,123,25,A - 四轨长条中间,A - 五轨长条中间,3827752,50 + 0.3
,,Drama 5k节奏转谱 268.xml,"Drama 5k节奏转谱","Diana Boncheva",超极限,极限,1327,123,27,A - 四轨长条右滑,A - 五轨长条中间,3827752,50 + 0.3
,,Asura 5k节奏转谱 354.xml,"Asura 5k节奏转谱","AstroKid",非押爆,极限,1545,134,12,A - 四轨单点,A - 二轨单点、四轨长条结尾,4083374,55 - 0.3
,,Asura 5k节奏转谱 354.xml,"Asura 5k节奏转谱","AstroKid",非押爆,极限,1547,134,20,A - 五轨单点,A - 一轨单点、三轨单点,4083374,55 - 0.3
,,Asura 5k节奏转谱 354.xml,"Asura 5k节奏转谱","AstroKid",非押爆,极限,1549,134,28,A - 四轨单点,A - 二轨单点、四轨单点,4083374,55 - 0.3
,,Asura 5k节奏转谱 354.xml,"Asura 5k节奏转谱","AstroKid",押爆,极限,1551,135,8,A - 二轨单点、五轨长条开始,A - 二轨单点、五轨长条结尾,4085969,56 + 0.2
,,Asura 5k节奏转谱 354.xml,"Asura 5k节奏转谱","AstroKid",超极限,极限,1551,135,7,A - 二轨单点、五轨长条开始,A - 二轨单点、五轨长条结尾,4085969,56 + 0.2
,,Love of red moon 5k节奏转谱 225.xml,"Love of red moon 5k节奏转谱","Lotze",非押爆,极限,749,58,14,A - 二轨单点、五轨长条左滑,A - 二轨单点、四轨长条右滑,3068448,60 - 0.1
,,Love of red moon 5k节奏转谱 225.xml,"Love of red moon 5k节奏转谱","Lotze",非押爆,极限,756,58,26,A - 一轨长条右滑、四轨单点,A - 二轨单点、五轨长条左滑,3068448,60 - 0.1
,,Love of red moon 5k节奏转谱 225.xml,"Love of red moon 5k节奏转谱","Lotze",非押爆,极限,815,61,26,A - 二轨单点、五轨单点,A - 二轨长条左滑、四轨单点,3068448,60 - 0.1
,,Love of red moon 5k节奏转谱 225.xml,"Love of red moon 5k节奏转谱","Lotze",押爆,极限,747,58,10,A - 五轨长条中间,A - 二轨单点、四轨长条右滑,3069486,61 - 0.5
,,Love of red moon 5k节奏转谱 225.xml,"Love of red moon 5k节奏转谱","Lotze",押爆,极限,754,58,22,A - 一轨长条中间,A - 二轨单点、五轨长条左滑,3069486,61 - 0.5
,,Love of red moon 5k节奏转谱 225.xml,"Love of red moon 5k节奏转谱","Lotze",押爆,极限,756,58,25,A - 一轨长条右滑、四轨单点,A - 四轨长条中间,3069486,61 - 0.5
,,Love of red moon 5k节奏转谱 225.xml,"Love of red moon 5k节奏转谱","Lotze",押爆,极限,815,61,26,A - 二轨单点、五轨单点,A - 一轨长条中间,3069486,61 - 0.5
,,Love of red moon 5k节奏转谱 225.xml,"Love of red moon 5k节奏转谱","Lotze",超极限,极限,747,58,9,A - 五轨长条中间,A - 二轨单点、四轨长条右滑,3070005,61 - 0.2
,,Love of red moon 5k节奏转谱 225.xml,"Love of red moon 5k节奏转谱","Lotze",超极限,极限,754,58,21,A - 一轨长条中间,A - 二轨单点、五轨长条左滑,3070005,61 - 0.2
,,Love of red moon 5k节奏转谱 225.xml,"Love of red moon 5k节奏转谱","Lotze",超极限,极限,756,58,25,A - 一轨长条右滑、四轨单点,A - 四轨长条中间,3070005,61 - 0.2
,,Drama 4k节奏转谱 201.xml,"Drama 4k节奏转谱","Diana Boncheva",非押爆,极限,801,68,6,A - 二轨单点,A - 二一轨滑键、四轨长条开始,3620578,61 + 0.3
,,Drama 4k节奏转谱 201.xml,"Drama 4k节奏转谱","Diana Boncheva",押爆,极限,800,68,2,A - 三轨单点,A - 二一轨滑键、四轨长条开始,3622309,62 + 0.3
,,Drama 4k节奏转谱 201.xml,"Drama 4k节奏转谱","Diana Boncheva",超极限,极限,800,68,3,A - 三轨单点,A - 四轨长条中间,3622828,63 - 0.4
,,Dear Mozart 5k节奏转谱 315.xml,"Dear Mozart 5k节奏转谱","JerryC",非押爆,极限,2165,127,2,A - 五轨长条开始,A - 一轨单点、三轨单点,6107934,70 - 0.3
,,Dear Mozart 5k节奏转谱 315.xml,"Dear Mozart 5k节奏转谱","JerryC",押爆,极限,2166,127,4,A - 五轨长条中间,A - 二轨单点、四轨单点,6110358,71 + 0.1
,,Dear Mozart 5k节奏转谱 315.xml,"Dear Mozart 5k节奏转谱","JerryC",超极限,极限,2166,127,3,A - 五轨长条中间,A - 二轨单点、四轨单点,6110877,71 + 0.4
,,Drunkenstein 4k节奏转谱 192.xml,"Drunkenstein 4k节奏转谱","Paul Bazooka",非押爆,极限,396,31,14,A - 二轨单点、三轨单点,A - 一轨长条右滑、三轨单点,3905342,66 - 0.1
,,Drunkenstein 4k节奏转谱 192.xml,"Drunkenstein 4k节奏转谱","Paul Bazooka",押爆,极限,396,31,10,A - 二轨单点、三轨单点,A - 一轨长条右滑、三轨单点,3905342,66 - 0.1
,,Drunkenstein 4k节奏转谱 192.xml,"Drunkenstein 4k节奏转谱","Paul Bazooka",超极限,极限,943,62,28,A - 四轨长条中间,A - 二轨长条左滑,3905855,66 + 0.2
,,Beethoven Virus 5k节奏转谱 312_odd.xml,"Beethoven Virus 5k节奏转谱","Diana Boncheva",非押爆,极限,781,127,8,A - 一轨单点,A - 一轨单点,2727003,39 + 0.0
,,Beethoven Virus 5k节奏转谱 312_odd.xml,"Beethoven Virus 5k节奏转谱","Diana Boncheva",非押爆,极限,782,127,12,A - 三轨单点,A - 三轨单点,2727003,39 + 0.0
,,Beethoven Virus 5k节奏转谱 312_odd.xml,"Beethoven Virus 5k节奏转谱","Diana Boncheva",非押爆,极限,783,127,16,A - 五轨单点,A - 四轨单点,2727003,39 + 0.0
,,Beethoven Virus 5k节奏转谱 312_odd.xml,"Beethoven Virus 5k节奏转谱","Diana Boncheva",非押爆,极限,784,127,20,A - 二轨单点,A - 五轨单点,2727003,39 + 0.0
,,Beethoven Virus 5k节奏转谱 312_odd.xml,"Beethoven Virus 5k节奏转谱","Diana Boncheva",非押爆,极限,889,143,8,A - 一轨单点,A - 一轨单点,2727003,39 + 0.0
,,Beethoven Virus 5k节奏转谱 312_odd.xml,"Beethoven Virus 5k节奏转谱","Diana Boncheva",非押爆,极限,890,143,12,A - 三轨单点,A - 三轨单点,2727003,39 + 0.0
,,Beethoven Virus 5k节奏转谱 312_odd.xml,"Beethoven Virus 5k节奏转谱","Diana Boncheva",非押爆,极限,891,143,16,A - 五轨单点,A - 四轨单点,2727003,39 + 0.0
,,Beethoven Virus 5k节奏转谱 312_odd.xml,"Beethoven Virus 5k节奏转谱","Diana Boncheva",非押爆,极限,892,143,20,A - 四轨单点,A - 五轨单点,2727003,39 + 0.0
,,Beethoven Virus 5k节奏转谱 312_odd.xml,"Beethoven Virus 5k节奏转谱","Diana Boncheva",押爆,极限,781,127,8,A - 一轨单点,A - 三轨单点,2728734,40 + 0.0
,,Beethoven Virus 5k节奏转谱 312_odd.xml,"Beethoven Virus 5k节奏转谱","Diana Boncheva",押爆,极限,782,127,12,A - 三轨单点,A - 四轨单点,2728734,40 + 0.0
,,Beethoven Virus 5k节奏转谱 312_odd.xml,"Beethoven Virus 5k节奏转谱","Diana Boncheva",押爆,极限,783,127,16,A - 五轨单点,A - 五轨单点,2728734,40 + 0.0
,,Beethoven Virus 5k节奏转谱 312_odd.xml,"Beethoven Virus 5k节奏转谱","Diana Boncheva",押爆,极限,889,143,8,A - 一轨单点,A - 三轨单点,2728734,40 + 0.0
,,Beethoven Virus 5k节奏转谱 312_odd.xml,"Beethoven Virus 5k节奏转谱","Diana Boncheva",押爆,极限,890,143,12,A - 三轨单点,A - 四轨单点,2728734,40 + 0.0
,,Beethoven Virus 5k节奏转谱 312_odd.xml,"Beethoven Virus 5k节奏转谱","Diana Boncheva",押爆,极限,891,143,16,A - 五轨单点,A - 五轨单点,2728734,40 + 0.0
,,Beethoven Virus 5k节奏转谱 312_odd.xml,"Beethoven Virus 5k节奏转谱","Diana Boncheva",超极限,极限,781,127,7,A - 一轨单点,A - 三轨单点,2728734,40 + 0.0
,,Beethoven Virus 5k节奏转谱 312_odd.xml,"Beethoven Virus 5k节奏转谱","Diana Boncheva",超极限,极限,782,127,11,A - 三轨单点,A - 四轨单点,2728734,40 + 0.0
,,Beethoven Virus 5k节奏转谱 312_odd.xml,"Beethoven Virus 5k节奏转谱","Diana Boncheva",超极限,极限,783,127,15,A - 五轨单点,A - 五轨单点,2728734,40 + 0.0
,,Beethoven Virus 5k节奏转谱 312_odd.xml,"Beethoven Virus 5k节奏转谱","Diana Boncheva",超极限,极限,889,143,7,A - 一轨单点,A - 三轨单点,2728734,40 + 0.0
,,Beethoven Virus 5k节奏转谱 312_odd.xml,"Beethoven Virus 5k节奏转谱","Diana Boncheva",超极限,极限,890,143,11,A - 三轨单点,A - 四轨单点,2728734,40 + 0.0
,,Beethoven Virus 5k节奏转谱 312_odd.xml,"Beethoven Virus 5k节奏转谱","Diana Boncheva",超极限,极限,891,143,15,A - 五轨单点,A - 五轨单点,2728734,40 + 0.0
,,Bad Apple!! 4k节奏转谱 276_odd.xml,"Bad Apple!! 4k节奏转谱","Nomiko",非押爆,极限,1536,154,24,A - 二轨单点、四轨单点,A - 四轨单点,3456738,38 + 0.1
,,Bad Apple!! 4k节奏转谱 276_odd.xml,"Bad Apple!! 4k节奏转谱","Nomiko",押爆,极限,1195,120,16,A - 一轨单点、三四轨滑键,A - 一轨单点、三轨单点,3457788,39 - 0.3
,,Bad Apple!! 4k节奏转谱 276_odd.xml,"Bad Apple!! 4k节奏转谱","Nomiko",超极限,极限,1195,120,15,A - 一轨单点、三四轨滑键,A - 一轨单点、三轨单点,3457788,39 - 0.3
,,Goldtown 4k节奏转谱 240.xml,"Goldtown 4k节奏转谱","Memme",非押爆,极限,1099,95,0,A - 一轨单点、三轨长条右滑,A - 一轨单点、四轨长条左滑,3925789,59 - 0.5
,,Goldtown 4k节奏转谱 240.xml,"Goldtown 4k节奏转谱","Memme",非押爆,极限,1110,95,18,A - 二轨长条左滑、四轨单点,A - 二轨单点、三轨长条右滑,3925789,59 - 0.5
,,Goldtown 4k节奏转谱 240.xml,"Goldtown 4k节奏转谱","Memme",非押爆,极限,1146,97,14,A - 一轨长条右滑、三轨单点,A - 二轨单点、三轨长条右滑,3925789,59 - 0.5
,,Goldtown 4k节奏转谱 240.xml,"Goldtown 4k节奏转谱","Memme",非押爆,极限,1157,98,0,A - 一轨单点、四轨长条左滑,A - 一轨单点、四轨长条左滑,3925789,59 - 0.5
,,Goldtown 4k节奏转谱 240.xml,"Goldtown 4k节奏转谱","Memme",非押爆,极限,1168,98,18,A - 二轨单点、四轨长条左滑,A - 二轨单点、三轨长条右滑,3925789,59 - 0.5
,,Goldtown 4k节奏转谱 240.xml,"Goldtown 4k节奏转谱","Memme",押爆,极限,1097,94,28,A - 三轨长条中间,A - 一轨单点、四轨长条左滑,3926827,59 + 0.1
,,Goldtown 4k节奏转谱 240.xml,"Goldtown 4k节奏转谱","Memme",押爆,极限,1108,95,14,A - 二轨长条中间,A - 二轨单点、三轨长条右滑,3926827,59 + 0.1
,,Goldtown 4k节奏转谱 240.xml,"Goldtown 4k节奏转谱","Memme",押爆,极限,1144,97,10,A - 一轨长条中间,A - 二轨单点、三轨长条右滑,3926827,59 + 0.1
,,Goldtown 4k节奏转谱 240.xml,"Goldtown 4k节奏转谱","Memme",押爆,极限,1155,97,28,A - 四轨长条中间,A - 一轨单点、四轨长条左滑,3926827,59 + 0.1
,,Goldtown 4k节奏转谱 240.xml,"Goldtown 4k节奏转谱","Memme",押爆,极限,1172,98,26,A - 一轨长条中间,A - 二轨单点、四轨长条中间,3926827,59 + 0.1
,,Goldtown 4k节奏转谱 240.xml,"Goldtown 4k节奏转谱","Memme",超极限,极限,1097,94,27,A - 三轨长条中间,A - 一轨单点、四轨长条左滑,3927346,59 + 0.4
,,Goldtown 4k节奏转谱 240.xml,"Goldtown 4k节奏转谱","Memme",超极限,极限,1108,95,13,A - 二轨长条中间,A - 二轨单点、三轨长条右滑,3927346,59 + 0.4
,,Goldtown 4k节奏转谱 240.xml,"Goldtown 4k节奏转谱","Memme",超极限,极限,1144,97,9,A - 一轨长条中间,A - 二轨单点、三轨长条右滑,3927346,59 + 0.4
,,Goldtown 4k节奏转谱 240.xml,"Goldtown 4k节奏转谱","Memme",超极限,极限,1155,97,27,A - 四轨长条中间,A - 一轨单点、四轨长条左滑,3927346,59 + 0.4
,,Goldtown 4k节奏转谱 240.xml,"Goldtown 4k节奏转谱","Memme",超极限,极限,1172,98,25,A - 一轨长条中间,A - 二轨单点、四轨长条中间,3927346,59 + 0.4
,,Goldtown 4k节奏转谱 240.xml,"Goldtown 4k节奏转谱","Memme",超极限,极限,1173,98,27,A - 一轨长条右滑,A - 四轨长条中间,3927346,59 + 0.4
,,Dogs Eating Dogs 4k节奏转谱 280.5.xml,"Dogs Eating Dogs 4k节奏转谱","Blink-182",非押爆,极限,694,53,0,A - 三四轨滑键,A - 三轨单点,4835497,53 + 0.0
,,Dogs Eating Dogs 4k节奏转谱 280.5.xml,"Dogs Eating Dogs 4k节奏转谱","Blink-182",非押爆,极限,695,53,3,A - 一轨单点,A - 一轨单点,4835497,53 + 0.0
,,Dogs Eating Dogs 4k节奏转谱 280.5.xml,"Dogs Eating Dogs 4k节奏转谱","Blink-182",非押爆,极限,696,53,6,A - 三轨单点,A - 三四轨滑键,4835497,53 + 0.0
,,Dogs Eating Dogs 4k节奏转谱 280.5.xml,"Dogs Eating Dogs 4k节奏转谱","Blink-182",非押爆,极限,697,53,9,A - 一轨单点,A - 一轨单点,4835497,53 + 0.0
,,Dogs Eating Dogs 4k节奏转谱 280.5.xml,"Dogs Eating Dogs 4k节奏转谱","Blink-182",非押爆,极限,698,53,12,A - 三轨单点,A - 三轨单点,4835497,53 + 0.0
,,Dogs Eating Dogs 4k节奏转谱 280.5.xml,"Dogs Eating Dogs 4k节奏转谱","Blink-182",非押爆,极限,699,53,15,A - 一轨单点,A - 一轨单点,4835497,53 + 0.0
,,Dogs Eating Dogs 4k节奏转谱 280.5.xml,"Dogs Eating Dogs 4k节奏转谱","Blink-182",非押爆,极限,700,53,18,A - 三四轨滑键,A - 三轨单点,4835497,53 + 0.0
,,Dogs Eating Dogs 4k节奏转谱 280.5.xml,"Dogs Eating Dogs 4k节奏转谱","Blink-182",非押爆,极限,701,53,21,A - 一轨单点,A - 一轨单点,4835497,53 + 0.0
,,Dogs Eating Dogs 4k节奏转谱 280.5.xml,"Dogs Eating Dogs 4k节奏转谱","Blink-182",非押爆,极限,702,53,24,A - 三轨单点,A - 三四轨滑键,4835497,53 + 0.0
,,Dogs Eating Dogs 4k节奏转谱 280.5.xml,"Dogs Eating Dogs 4k节奏转谱","Blink-182",非押爆,极限,703,53,27,A - 一轨单点,A - 一轨单点,4835497,53 + 0.0
,,Dogs Eating Dogs 4k节奏转谱 280.5.xml,"Dogs Eating Dogs 4k节奏转谱","Blink-182",押爆,极限,687,52,19,A - 二轨长条左滑、三轨单点,A - 一轨单点,4837573,54 + 0.2
,,Dogs Eating Dogs 4k节奏转谱 280.5.xml,"Dogs Eating Dogs 4k节奏转谱","Blink-182",押爆,极限,1510,112,19,A - 二轨单点、四轨长条左滑,A - 四轨单点,4837573,54 + 0.2
,,Dogs Eating Dogs 4k节奏转谱 280.5.xml,"Dogs Eating Dogs 4k节奏转谱","Blink-182",超极限,极限,686,52,18,A - 二轨长条中间,A - 一轨单点,4838092,55 - 0.5
,,Dogs Eating Dogs 4k节奏转谱 280.5.xml,"Dogs Eating Dogs 4k节奏转谱","Blink-182",超极限,极限,1509,112,18,A - 四轨长条中间,A - 四轨单点,4838092,55 - 0.5
,,Asura 5k节奏转谱 265.5.xml,"Asura 5k节奏转谱","AstroKid",非押爆,极限,1348,102,22,A - 二轨单点、五轨长条开始,A - 二轨单点、四轨单点,3844715,67 - 0.2
,,Asura 5k节奏转谱 265.5.xml,"Asura 5k节奏转谱","AstroKid",押爆,极限,1340,101,26,A - 五轨单点,A - 二轨单点、四轨长条结尾,3844715,67 - 0.2
,,Asura 5k节奏转谱 265.5.xml,"Asura 5k节奏转谱","AstroKid",押爆,极限,1342,102,0,A - 四轨单点,A - 一轨单点、五轨单点,3844715,67 - 0.2
,,Asura 5k节奏转谱 265.5.xml,"Asura 5k节奏转谱","AstroKid",押爆,极限,1344,102,6,A - 五轨单点,A - 二轨单点、四轨单点,3844715,67 - 0.2
,,Asura 5k节奏转谱 265.5.xml,"Asura 5k节奏转谱","AstroKid",押爆,极限,1346,102,12,A - 四轨单点,A - 一轨单点、三轨单点,3844715,67 - 0.2
,,Asura 5k节奏转谱 265.5.xml,"Asura 5k节奏转谱","AstroKid",押爆,极限,1348,102,18,A - 二轨单点、五轨长条开始,A - 二轨单点、四轨单点,3844715,67 - 0.2
,,Asura 5k节奏转谱 265.5.xml,"Asura 5k节奏转谱","AstroKid",超极限,极限,1340,101,25,A - 五轨单点,A - 二轨单点、四轨长条结尾,3844715,67 - 0.2
,,Asura 5k节奏转谱 265.5.xml,"Asura 5k节奏转谱","AstroKid",超极限,极限,1342,101,31,A - 四轨单点,A - 一轨单点、五轨单点,3844715,67 - 0.2
,,Asura 5k节奏转谱 265.5.xml,"Asura 5k节奏转谱","AstroKid",超极限,极限,1344,102,5,A - 五轨单点,A - 二轨单点、四轨单点,3844715,67 - 0.2
,,Asura 5k节奏转谱 265.5.xml,"Asura 5k节奏转谱","AstroKid",超极限,极限,1346,102,11,A - 四轨单点,A - 一轨单点、三轨单点,3844715,67 - 0.2
,,Asura 5k节奏转谱 265.5.xml,"Asura 5k节奏转谱","AstroKid",超极限,极限,1348,102,17,A - 二轨单点、五轨长条开始,A - 二轨单点、四轨单点,3844715,67 - 0.2
,,Asura 5k节奏转谱 265.5.xml,"Asura 5k节奏转谱","AstroKid",超极限,极限,1350,102,23,A - 五轨长条中间,A - 一轨单点、五轨长条开始,3844715,67 - 0.2
,,Asura 5k节奏转谱 265.5.xml,"Asura 5k节奏转谱","AstroKid",超极限,极限,1351,102,25,A - 五轨长条左滑,A - 五轨长条中间,3844715,67 - 0.2
,,Goldtown 5k节奏转谱 240.xml,"Goldtown 5k节奏转谱","Memme",非押爆,极限,1417,110,24,A - 一轨长条开始、五轨长条开始,A - 二轨单点,3973914,63 - 0.5
,,Goldtown 5k节奏转谱 240.xml,"Goldtown 5k节奏转谱","Memme",押爆,极限,1417,110,23,A - 一轨长条开始、五轨长条开始,A - 四轨单点,3975645,64 - 0.5
,,Goldtown 5k节奏转谱 240.xml,"Goldtown 5k节奏转谱","Memme",超极限,极限,1419,110,25,A - 一轨长条中间、五轨长条中间,A - 三轨单点,3976338,64 - 0.1
,,Drama 4k节奏转谱 268.xml,"Drama 4k节奏转谱","Diana Boncheva",非押爆,极限,1319,123,16,A - 四轨单点,A - 四轨长条中间,3803882,50 - 0.5
,,Drama 4k节奏转谱 268.xml,"Drama 4k节奏转谱","Diana Boncheva",押爆,极限,1321,123,24,A - 三轨长条开始,A - 一轨单点、四轨长条中间,3805265,50 + 0.3
,,Drama 4k节奏转谱 268.xml,"Drama 4k节奏转谱","Diana Boncheva",超极限,极限,1321,123,23,A - 三轨长条开始,A - 一轨单点、四轨长条中间,3805265,50 + 0.3
,,Drama 4k节奏转谱 268.xml,"Drama 4k节奏转谱","Diana Boncheva",超极限,极限,1322,123,25,A - 三轨长条中间,A - 四轨长条中间,3805265,50 + 0.3
,,Drama 4k节奏转谱 268.xml,"Drama 4k节奏转谱","Diana Boncheva",超极限,极限,1323,123,27,A - 三轨长条右滑,A - 四轨长条中间,3805265,50 + 0.3
,,Beethoven Virus 4k节奏转谱 234.xml,"Beethoven Virus 4k节奏转谱","Diana Boncheva",非押爆,极限,797,107,6,A - 一轨单点,A - 四轨单点,2620834,51 + 0.0
,,Beethoven Virus 4k节奏转谱 234.xml,"Beethoven Virus 4k节奏转谱","Diana Boncheva",非押爆,极限,798,107,9,A - 三轨单点,A - 四轨单点,2620834,51 + 0.0
,,Beethoven Virus 4k节奏转谱 234.xml,"Beethoven Virus 4k节奏转谱","Diana Boncheva",非押爆,极限,799,107,12,A - 四轨单点,A - 一轨单点,2620834,51 + 0.0
,,Beethoven Virus 4k节奏转谱 234.xml,"Beethoven Virus 4k节奏转谱","Diana Boncheva",非押爆,极限,800,107,15,A - 二轨单点,A - 一轨单点,2620834,51 + 0.0
,,Beethoven Virus 4k节奏转谱 234.xml,"Beethoven Virus 4k节奏转谱","Diana Boncheva",非押爆,极限,801,107,18,A - 三轨单点,A - 二轨单点,2620834,51 + 0.0
,,Beethoven Virus 4k节奏转谱 234.xml,"Beethoven Virus 4k节奏转谱","Diana Boncheva",非押爆,极限,802,107,21,A - 一轨单点,A - 三轨单点,2620834,51 + 0.0
,,Beethoven Virus 4k节奏转谱 234.xml,"Beethoven Virus 4k节奏转谱","Diana Boncheva",非押爆,极限,803,107,24,A - 二轨单点,A - 四轨单点,2620834,51 + 0.0
,,Beethoven Virus 4k节奏转谱 234.xml,"Beethoven Virus 4k节奏转谱","Diana Boncheva",押爆,极限,797,107,5,A - 一轨单点,A - 四轨单点,2622565,52 + 0.0
,,Beethoven Virus 4k节奏转谱 234.xml,"Beethoven Virus 4k节奏转谱","Diana Boncheva",押爆,极限,798,107,8,A - 三轨单点,A - 一轨单点,2622565,52 + 0.0
,,Beethoven Virus 4k节奏转谱 234.xml,"Beethoven Virus 4k节奏转谱","Diana Boncheva",押爆,极限,799,107,11,A - 四轨单点,A - 一轨单点,2622565,52 + 0.0
,,Beethoven Virus 4k节奏转谱 234.xml,"Beethoven Virus 4k节奏转谱","Diana Boncheva",押爆,极限,800,107,14,A - 二轨单点,A - 二轨单点,2622565,52 + 0.0
,,Beethoven Virus 4k节奏转谱 234.xml,"Beethoven Virus 4k节奏转谱","Diana Boncheva",押爆,极限,801,107,17,A - 三轨单点,A - 三轨单点,2622565,52 + 0.0
,,Beethoven Virus 4k节奏转谱 234.xml,"Beethoven Virus 4k节奏转谱","Diana Boncheva",押爆,极限,802,107,20,A - 一轨单点,A - 四轨单点,2622565,52 + 0.0
,,Beethoven Virus 4k节奏转谱 234.xml,"Beethoven Virus 4k节奏转谱","Diana Boncheva",超极限,极限,797,107,4,A - 一轨单点,A - 四轨单点,2622565,52 + 0.0
,,Beethoven Virus 4k节奏转谱 234.xml,"Beethoven Virus 4k节奏转谱","Diana Boncheva",超极限,极限,798,107,7,A - 三轨单点,A - 一轨单点,2622565,52 + 0.0
,,Beethoven Virus 4k节奏转谱 234.xml,"Beethoven Virus 4k节奏转谱","Diana Boncheva",超极限,极限,799,107,10,A - 四轨单点,A - 一轨单点,2622565,52 + 0.0
,,Beethoven Virus 4k节奏转谱 234.xml,"Beethoven Virus 4k节奏转谱","Diana Boncheva",超极限,极限,800,107,13,A - 二轨单点,A - 二轨单点,2622565,52 + 0.0
,,Beethoven Virus 4k节奏转谱 234.xml,"Beethoven Virus 4k节奏转谱","Diana Boncheva",超极限,极限,801,107,16,A - 三轨单点,A - 三轨单点,2622565,52 + 0.0
,,Beethoven Virus 4k节奏转谱 234.xml,"Beethoven Virus 4k节奏转谱","Diana Boncheva",超极限,极限,802,107,19,A - 一轨单点,A - 四轨单点,2622565,52 + 0.0
,,Toy War 4k节奏转谱 240.xml,"Toy War 4k节奏转谱","M2U",非押爆,极限,817,74,24,A - 三轨单点,A - 一轨长条中间、四轨长条中间,3665865,69 + 0.2
,,Toy War 4k节奏转谱 240.xml,"Toy War 4k节奏转谱","M2U",押爆,极限,817,74,24,A - 三轨单点,A - 一轨长条中间、四轨长条中间,3667941,70 + 0.4
,,Toy War 4k节奏转谱 240.xml,"Toy War 4k节奏转谱","M2U",超极限,极限,817,74,23,A - 三轨单点,A - 一轨长条中间、四轨长条中间,3667941,70 + 0.4
,,Extreme Fantasy 4k节奏转谱 228_odd.xml,"Extreme Fantasy 4k节奏转谱","Memme",非押爆,极限,1878,111,16,A - 一轨长条开始、二轨长条开始、三轨长条开始、四轨长条开始,A - 四轨长条开始,6297136,99 + 0.3
,,Extreme Fantasy 4k节奏转谱 228_odd.xml,"Extreme Fantasy 4k节奏转谱","Memme",押爆,极限,1874,111,10,A - 一轨长条右滑、四轨长条左滑,A - 二轨长条左滑,6300079,101 + 0.0
,,Extreme Fantasy 4k节奏转谱 228_odd.xml,"Extreme Fantasy 4k节奏转谱","Memme",超极限,极限,1886,111,20,A - 一轨长条中间、二轨长条中间、三轨长条中间、四轨长条中间,A - 二轨长条右滑,6301291,102 - 0.3
,,Drunkenstein 5k节奏转谱 256_odd.xml,"Drunkenstein 5k节奏转谱","Paul Bazooka",非押爆,极限,1077,84,0,A - 二轨单点、四轨单点,A - 二轨长条左滑,4034495,54 - 0.2
,,Drunkenstein 5k节奏转谱 256_odd.xml,"Drunkenstein 5k节奏转谱","Paul Bazooka",押爆,极限,1069,83,16,A - 一轨单点、四轨长条右滑,A - 一轨单点、四轨长条右滑,4036745,55 + 0.1
,,Drunkenstein 5k节奏转谱 256_odd.xml,"Drunkenstein 5k节奏转谱","Paul Bazooka",超极限,极限,1069,83,15,A - 一轨单点、四轨长条右滑,A - 一轨单点、四轨长条右滑,4037264,55 + 0.4
,,The Raising Fighting Spirit 5k节奏转谱 210.xml,"The Raising Fighting Spirit 5k节奏转谱","火影忍者",非押爆,爆气,840,62,12,A - 三轨长条中间、五轨长条中间,A - 二轨长条左滑、四轨长条右滑,2572785,80 + 0.0
,,The Raising Fighting Spirit 5k节奏转谱 210.xml,"The Raising Fighting Spirit 5k节奏转谱","火影忍者",非押爆,爆气,846,62,17,A - 三轨长条左滑、五轨长条左滑,A - 一轨长条中间、五轨长条中间,2572785,80 + 0.0
,,The Raising Fighting Spirit 5k节奏转谱 210.xml,"The Raising Fighting Spirit 5k节奏转谱","火影忍者",押爆,爆气,836,62,8,A - 三轨长条中间、五轨长条中间,A - 二轨长条左滑、四轨长条右滑,2579149,81 + 0.2
,,The Raising Fighting Spirit 5k节奏转谱 210.xml,"The Raising Fighting Spirit 5k节奏转谱","火影忍者",押爆,爆气,846,62,17,A - 三轨长条左滑、五轨长条左滑,A - 一轨长条中间、五轨长条中间,2579149,81 + 0.2
,,The Raising Fighting Spirit 5k节奏转谱 210.xml,"The Raising Fighting Spirit 5k节奏转谱","火影忍者",超极限,爆气,836,62,7,A - 三轨长条中间、五轨长条中间,A - 二轨长条左滑、四轨长条右滑,2582331,82 - 0.2
,,The Raising Fighting Spirit 5k节奏转谱 210.xml,"The Raising Fighting Spirit 5k节奏转谱","火影忍者",超极限,爆气,846,62,17,A - 三轨长条左滑、五轨长条左滑,A - 一轨长条中间、五轨长条中间,2582331,82 - 0.2
,,The Raising Fighting Spirit 4k节奏转谱 210.xml,"The Raising Fighting Spirit 4k节奏转谱","火影忍者",非押爆,爆气,840,62,12,A - 一轨长条中间、四轨长条中间,A - 二轨长条左滑、四轨长条左滑,2535657,80 + 0.0
,,The Raising Fighting Spirit 4k节奏转谱 210.xml,"The Raising Fighting Spirit 4k节奏转谱","火影忍者",非押爆,爆气,846,62,17,A - 一轨长条右滑、四轨长条左滑,A - 一轨长条中间、三轨长条中间,2535657,80 + 0.0
,,The Raising Fighting Spirit 4k节奏转谱 210.xml,"The Raising Fighting Spirit 4k节奏转谱","火影忍者",押爆,爆气,836,62,8,A - 一轨长条中间、四轨长条中间,A - 二轨长条左滑、四轨长条左滑,2542021,81 + 0.2
,,The Raising Fighting Spirit 4k节奏转谱 210.xml,"The Raising Fighting Spirit 4k节奏转谱","火影忍者",押爆,爆气,846,62,17,A - 一轨长条右滑、四轨长条左滑,A - 一轨长条中间、三轨长条中间,2542021,81 + 0.2
,,The Raising Fighting Spirit 4k节奏转谱 210.xml,"The Raising Fighting Spirit 4k节奏转谱","火影忍者",超极限,爆气,836,62,7,A - 一轨长条中间、四轨长条中间,A - 二轨长条左滑、四轨长条左滑,2545203,82 - 0.2
,,The Raising Fighting Spirit 4k节奏转谱 210.xml,"The Raising Fighting Spirit 4k节奏转谱","火影忍者",超极限,爆气,846,62,17,A - 一轨长条右滑、四轨长条左滑,A - 一轨长条中间、三轨长条中间,2545203,82 - 0.2
,,Faraway 4k节奏转谱 216.xml,"Faraway 4k节奏转谱","Diana Boncheva",非押爆,极限,1472,134,20,A - 二轨单点,A - 二轨单点、四轨单点,3608857,57 + 0.0
,,Faraway 4k节奏转谱 216.xml,"Faraway 4k节奏转谱","Diana Boncheva",押爆,极限,1471,134,16,A - 三轨单点,A - 二轨单点、四轨单点,3610588,58 + 0.0
,,Faraway 4k节奏转谱 216.xml,"Faraway 4k节奏转谱","Diana Boncheva",超极限,极限,1471,134,15,A - 三轨单点,A - 二轨单点、四轨单点,3610588,58 + 0.0
,,Dear Mozart 5k节奏转谱 210_odd.xml,"Dear Mozart 5k节奏转谱","JerryC",非押爆,极限,1955,96,0,A - 一轨单点、三轨单点,A - 二轨单点、四轨单点,5437294,84 - 0.1
,,Dear Mozart 5k节奏转谱 210_odd.xml,"Dear Mozart 5k节奏转谱","JerryC",非押爆,极限,1957,96,4,A - 一轨单点、四轨单点,A - 一轨单点、三轨单点,5437294,84 - 0.1
,,Dear Mozart 5k节奏转谱 210_odd.xml,"Dear Mozart 5k节奏转谱","JerryC",非押爆,极限,1959,96,8,A - 二轨单点、五轨单点,A - 一轨单点、四轨单点,5437294,84 - 0.1
,,Dear Mozart 5k节奏转谱 210_odd.xml,"Dear Mozart 5k节奏转谱","JerryC",非押爆,极限,1961,96,12,A - 一轨单点、四轨单点,A - 二轨单点、五轨单点,5437294,84 - 0.1
,,Dear Mozart 5k节奏转谱 210_odd.xml,"Dear Mozart 5k节奏转谱","JerryC",非押爆,极限,1963,96,16,A - 三轨单点、五轨单点,A - 二轨单点、四轨单点,5437294,84 - 0.1
,,Dear Mozart 5k节奏转谱 210_odd.xml,"Dear Mozart 5k节奏转谱","JerryC",非押爆,极限,1965,96,20,A - 一轨单点、四轨单点,A - 三轨单点、五轨单点,5437294,84 - 0.1
,,Dear Mozart 5k节奏转谱 210_odd.xml,"Dear Mozart 5k节奏转谱","JerryC",非押爆,极限,1967,96,24,A - 二轨单点、三轨单点,A - 一轨单点、四轨单点,5437294,84 - 0.1
,,Dear Mozart 5k节奏转谱 210_odd.xml,"Dear Mozart 5k节奏转谱","JerryC",非押爆,极限,1969,96,28,A - 一轨单点、四轨单点,A - 三轨单点、五轨单点,5437294,84 - 0.1
,,Dear Mozart 5k节奏转谱 210_odd.xml,"Dear Mozart 5k节奏转谱","JerryC",非押爆,极限,1971,97,0,A - 二轨单点、三轨单点,A - 二轨单点、四轨单点,5437294,84 - 0.1
,,Dear Mozart 5k节奏转谱 210_odd.xml,"Dear Mozart 5k节奏转谱","JerryC",押爆,极限,1955,96,0,A - 一轨单点、三轨单点,A - 一轨单点、三轨单点,5440756,86 - 0.1
,,Dear Mozart 5k节奏转谱 210_odd.xml,"Dear Mozart 5k节奏转谱","JerryC",押爆,极限,1957,96,4,A - 一轨单点、四轨单点,A - 一轨单点、四轨单点,5440756,86 - 0.1
,,Dear Mozart 5k节奏转谱 210_odd.xml,"Dear Mozart 5k节奏转谱","JerryC",押爆,极限,1959,96,8,A - 二轨单点、五轨单点,A - 二轨单点、五轨单点,5440756,86 - 0.1
,,Dear Mozart 5k节奏转谱 210_odd.xml,"Dear Mozart 5k节奏转谱","JerryC",押爆,极限,1961,96,12,A - 一轨单点、四轨单点,A - 二轨单点、四轨单点,5440756,86 - 0.1
,,Dear Mozart 5k节奏转谱 210_odd.xml,"Dear Mozart 5k节奏转谱","JerryC",押爆,极限,1963,96,16,A - 三轨单点、五轨单点,A - 三轨单点、五轨单点,5440756,86 - 0.1
,,Dear Mozart 5k节奏转谱 210_odd.xml,"Dear Mozart 5k节奏转谱","JerryC",押爆,极限,1965,96,20,A - 一轨单点、四轨单点,A - 一轨单点、四轨单点,5440756,86 - 0.1
,,Dear Mozart 5k节奏转谱 210_odd.xml,"Dear Mozart 5k节奏转谱","JerryC",押爆,极限,1967,96,24,A - 二轨单点、三轨单点,A - 三轨单点、五轨单点,5440756,86 - 0.1
,,Dear Mozart 5k节奏转谱 210_odd.xml,"Dear Mozart 5k节奏转谱","JerryC",押爆,极限,1969,96,28,A - 一轨单点、四轨单点,A - 二轨单点、四轨单点,5440756,86 - 0.1
,,Dear Mozart 5k节奏转谱 210_odd.xml,"Dear Mozart 5k节奏转谱","JerryC",超极限,极限,1977,97,12,A - 一轨单点、四轨单点,A - 四轨长条右滑,5441446,86 + 0.3
,,REANIMATE 4k节奏转谱 261.xml,"REANIMATE 4k节奏转谱","Warak",非押爆,极限,1537,114,4,A - 一轨单点,A - 四轨单点,4720333,61 + 0.3
,,REANIMATE 4k节奏转谱 261.xml,"REANIMATE 4k节奏转谱","Warak",非押爆,极限,1538,114,7,A - 三轨单点,A - 二轨单点,4720333,61 + 0.3
,,REANIMATE 4k节奏转谱 261.xml,"REANIMATE 4k节奏转谱","Warak",非押爆,极限,1539,114,10,A - 二轨单点,A - 三轨单点,4720333,61 + 0.3
,,REANIMATE 4k节奏转谱 261.xml,"REANIMATE 4k节奏转谱","Warak",非押爆,极限,1540,114,13,A - 四轨单点,A - 一轨单点,4720333,61 + 0.3
,,REANIMATE 4k节奏转谱 261.xml,"REANIMATE 4k节奏转谱","Warak",非押爆,极限,1541,114,16,A - 三轨单点,A - 四轨单点,4720333,61 + 0.3
,,REANIMATE 4k节奏转谱 261.xml,"REANIMATE 4k节奏转谱","Warak",押爆,极限,1537,114,3,A - 一轨单点,A - 二轨单点,4722064,62 + 0.3
,,REANIMATE 4k节奏转谱 261.xml,"REANIMATE 4k节奏转谱","Warak",押爆,极限,1538,114,6,A - 三轨单点,A - 三轨单点,4722064,62 + 0.3
,,REANIMATE 4k节奏转谱 261.xml,"REANIMATE 4k节奏转谱","Warak",押爆,极限,1539,114,9,A - 二轨单点,A - 一轨单点,4722064,62 + 0.3
,,REANIMATE 4k节奏转谱 261.xml,"REANIMATE 4k节奏转谱","Warak",押爆,极限,1540,114,12,A - 四轨单点,A - 四轨单点,4722064,62 + 0.3
,,REANIMATE 4k节奏转谱 261.xml,"REANIMATE 4k节奏转谱","Warak",超极限,极限,1537,114,2,A - 一轨单点,A - 二轨单点,4722064,62 + 0.3
,,REANIMATE 4k节奏转谱 261.xml,"REANIMATE 4k节奏转谱","Warak",超极限,极限,1538,114,5,A - 三轨单点,A - 三轨单点,4722064,62 + 0.3
,,REANIMATE 4k节奏转谱 261.xml,"REANIMATE 4k节奏转谱","Warak",超极限,极限,1539,114,8,A - 二轨单点,A - 一轨单点,4722064,62 + 0.3
,,REANIMATE 4k节奏转谱 261.xml,"REANIMATE 4k节奏转谱","Warak",超极限,极限,1540,114,11,A - 四轨单点,A - 四轨单点,4722064,62 + 0.3
,,Love of red moon 4k节奏转谱 300.xml,"Love of red moon 4k节奏转谱","Lotze",非押爆,极限,1041,88,8,A - 一轨长条开始、三轨单点,A - 四轨长条中间,3239351,50 - 0.3
,,Love of red moon 4k节奏转谱 300.xml,"Love of red moon 4k节奏转谱","Lotze",押爆,极限,908,81,0,A - 一轨单点、三轨长条开始,A - 二轨长条左滑、四轨单点,3242465,52 - 0.5
,,Love of red moon 4k节奏转谱 300.xml,"Love of red moon 4k节奏转谱","Lotze",超极限,极限,849,77,15,A - 一轨单点、四轨长条左滑,A - 一轨单点、四轨长条左滑,3242465,52 - 0.5
,,Love of red moon 4k节奏转谱 300.xml,"Love of red moon 4k节奏转谱","Lotze",超极限,极限,855,77,23,A - 二轨单点、三轨长条中间,A - 二轨单点、三轨长条右滑,3242465,52 - 0.5
,,Love of red moon 4k节奏转谱 300.xml,"Love of red moon 4k节奏转谱","Lotze",超极限,极限,908,80,31,A - 一轨单点、三轨长条开始,A - 二轨长条左滑、四轨单点,3242465,52 - 0.5
,,Love of red moon 4k节奏转谱 300.xml,"Love of red moon 4k节奏转谱","Lotze",超极限,极限,913,81,7,A - 二轨单点、三轨长条右滑,A - 一轨长条中间、三轨单点,3242465,52 - 0.5
,,Love of red moon 4k节奏转谱 300.xml,"Love of red moon 4k节奏转谱","Lotze",超极限,极限,991,85,15,A - 一轨长条右滑、四轨单点,A - 二轨长条左滑、四轨单点,3242465,52 - 0.5
,,Love of red moon 4k节奏转谱 300.xml,"Love of red moon 4k节奏转谱","Lotze",超极限,极限,997,85,23,A - 二轨长条中间、三轨单点,A - 一轨长条右滑、三轨单点,3242465,52 - 0.5
,,Bad Apple!! 5k节奏转谱 276_odd.xml,"Bad Apple!! 5k节奏转谱","Nomiko",非押爆,极限,369,45,12,A - 一轨长条中间,A - 一轨长条右滑、五轨长条中间,3163668,34 + 0.2
,,Bad Apple!! 5k节奏转谱 276_odd.xml,"Bad Apple!! 5k节奏转谱","Nomiko",非押爆,极限,371,45,15,A - 一轨长条中间、四轨单点,A - 五轨长条中间,3163668,34 + 0.2
,,Bad Apple!! 5k节奏转谱 276_odd.xml,"Bad Apple!! 5k节奏转谱","Nomiko",非押爆,极限,408,47,12,A - 一轨长条中间,A - 一轨长条右滑、五轨长条中间,3163668,34 + 0.2
,,Bad Apple!! 5k节奏转谱 276_odd.xml,"Bad Apple!! 5k节奏转谱","Nomiko",非押爆,极限,410,47,15,A - 一轨长条中间、四轨单点,A - 五轨长条中间,3163668,34 + 0.2
,,Bad Apple!! 5k节奏转谱 276_odd.xml,"Bad Apple!! 5k节奏转谱","Nomiko",非押爆,极限,448,49,12,A - 五轨长条中间,A - 一轨长条中间、五轨长条左滑,3163668,34 + 0.2
,,Bad Apple!! 5k节奏转谱 276_odd.xml,"Bad Apple!! 5k节奏转谱","Nomiko",非押爆,极限,450,49,15,A - 三轨单点、五轨长条中间,A - 一轨长条中间,3163668,34 + 0.2
,,Bad Apple!! 5k节奏转谱 276_odd.xml,"Bad Apple!! 5k节奏转谱","Nomiko",非押爆,极限,487,51,12,A - 五轨长条中间,A - 一轨长条中间、五轨长条左滑,3163668,34 + 0.2
,,Bad Apple!! 5k节奏转谱 276_odd.xml,"Bad Apple!! 5k节奏转谱","Nomiko",非押爆,极限,489,51,15,A - 三轨单点、五轨长条中间,A - 一轨长条中间,3163668,34 + 0.2
,,Bad Apple!! 5k节奏转谱 276_odd.xml,"Bad Apple!! 5k节奏转谱","Nomiko",非押爆,极限,527,53,12,A - 一轨长条中间,A - 一轨长条右滑、五轨长条中间,3163668,34 + 0.2
,,Bad Apple!! 5k节奏转谱 276_odd.xml,"Bad Apple!! 5k节奏转谱","Nomiko",非押爆,极限,529,53,15,A - 一轨长条中间、三轨单点,A - 五轨长条中间,3163668,34 + 0.2
,,Bad Apple!! 5k节奏转谱 276_odd.xml,"Bad Apple!! 5k节奏转谱","Nomiko",押爆,极限,367,45,8,A - 一轨长条中间,A - 一轨长条右滑、五轨长条中间,3164706,35 - 0.2
,,Bad Apple!! 5k节奏转谱 276_odd.xml,"Bad Apple!! 5k节奏转谱","Nomiko",押爆,极限,371,45,15,A - 一轨长条中间、四轨单点,A - 五轨长条中间,3164706,35 - 0.2
,,Bad Apple!! 5k节奏转谱 276_odd.xml,"Bad Apple!! 5k节奏转谱","Nomiko",押爆,极限,406,47,8,A - 一轨长条中间,A - 一轨长条右滑、五轨长条中间,3164706,35 - 0.2
,,Bad Apple!! 5k节奏转谱 276_odd.xml,"Bad Apple!! 5k节奏转谱","Nomiko",押爆,极限,410,47,15,A - 一轨长条中间、四轨单点,A - 五轨长条中间,3164706,35 - 0.2
,,Bad Apple!! 5k节奏转谱 276_odd.xml,"Bad Apple!! 5k节奏转谱","Nomiko",押爆,极限,446,49,8,A - 五轨长条中间,A - 一轨长条中间、五轨长条左滑,3164706,35 - 0.2
,,Bad Apple!! 5k节奏转谱 276_odd.xml,"Bad Apple!! 5k节奏转谱","Nomiko",押爆,极限,450,49,15,A - 三轨单点、五轨长条中间,A - 一轨长条中间,3164706,35 - 0.2
,,Bad Apple!! 5k节奏转谱 276_odd.xml,"Bad Apple!! 5k节奏转谱","Nomiko",押爆,极限,485,51,8,A - 五轨长条中间,A - 一轨长条中间、五轨长条左滑,3164706,35 - 0.2
,,Bad Apple!! 5k节奏转谱 276_odd.xml,"Bad Apple!! 5k节奏转谱","Nomiko",押爆,极限,489,51,15,A - 三轨单点、五轨长条中间,A - 一轨长条中间,3164706,35 - 0.2
,,Bad Apple!! 5k节奏转谱 276_odd.xml,"Bad Apple!! 5k节奏转谱","Nomiko",押爆,极限,525,53,8,A - 一轨长条中间,A - 一轨长条右滑、五轨长条中间,3164706,35 - 0.2
,,Bad Apple!! 5k节奏转谱 276_odd.xml,"Bad Apple!! 5k节奏转谱","Nomiko",押爆,极限,529,53,15,A - 一轨长条中间、三轨单点,A - 五轨长条中间,3164706,35 - 0.2
,,Bad Apple!! 5k节奏转谱 276_odd.xml,"Bad Apple!! 5k节奏转谱","Nomiko",超极限,极限,367,45,7,A - 一轨长条中间,A - 一轨长条右滑、五轨长条中间,3165225,35 + 0.1
,,Bad Apple!! 5k节奏转谱 276_odd.xml,"Bad Apple!! 5k节奏转谱","Nomiko",超极限,极限,371,45,15,A - 一轨长条中间、四轨单点,A - 五轨长条中间,3165225,35 + 0.1
,,Bad Apple!! 5k节奏转谱 276_odd.xml,"Bad Apple!! 5k节奏转谱","Nomiko",超极限,极限,406,47,7,A - 一轨长条中间,A - 一轨长条右滑、五轨长条中间,3165225,35 + 0.1
,,Bad Apple!! 5k节奏转谱 276_odd.xml,"Bad Apple!! 5k节奏转谱","Nomiko",超极限,极限,410,47,15,A - 一轨长条中间、四轨单点,A - 五轨长条中间,3165225,35 + 0.1
,,Bad Apple!! 5k节奏转谱 276_odd.xml,"Bad Apple!! 5k节奏转谱","Nomiko",超极限,极限,446,49,7,A - 五轨长条中间,A - 一轨长条中间、五轨长条左滑,3165225,35 + 0.1
,,Bad Apple!! 5k节奏转谱 276_odd.xml,"Bad Apple!! 5k节奏转谱","Nomiko",超极限,极限,450,49,15,A - 三轨单点、五轨长条中间,A - 一轨长条中间,3165225,35 + 0.1
,,Bad Apple!! 5k节奏转谱 276_odd.xml,"Bad Apple!! 5k节奏转谱","Nomiko",超极限,极限,485,51,7,A - 五轨长条中间,A - 一轨长条中间、五轨长条左滑,3165225,35 + 0.1
,,Bad Apple!! 5k节奏转谱 276_odd.xml,"Bad Apple!! 5k节奏转谱","Nomiko",超极限,极限,489,51,15,A - 三轨单点、五轨长条中间,A - 一轨长条中间,3165225,35 + 0.1
,,Bad Apple!! 5k节奏转谱 276_odd.xml,"Bad Apple!! 5k节奏转谱","Nomiko",超极限,极限,525,53,7,A - 一轨长条中间,A - 一轨长条右滑、五轨长条中间,3165225,35 + 0.1
,,Bad Apple!! 5k节奏转谱 276_odd.xml,"Bad Apple!! 5k节奏转谱","Nomiko",超极限,极限,529,53,15,A - 一轨长条中间、三轨单点,A - 五轨长条中间,3165225,35 + 0.1
,,Drunkenstein 5k节奏转谱 192.xml,"Drunkenstein 5k节奏转谱","Paul Bazooka",非押爆,极限,396,31,14,A - 二轨单点、三轨单点,A - 一轨长条右滑、四轨单点,3907767,66 - 0.1
,,Drunkenstein 5k节奏转谱 192.xml,"Drunkenstein 5k节奏转谱","Paul Bazooka",押爆,极限,396,31,10,A - 二轨单点、三轨单点,A - 一轨长条右滑、四轨单点,3907767,66 - 0.1
,,Drunkenstein 5k节奏转谱 192.xml,"Drunkenstein 5k节奏转谱","Paul Bazooka",超极限,极限,943,62,28,A - 五轨长条中间,A - 二轨长条左滑,3908280,66 + 0.2
,,Purple Passion 4k节奏转谱 252.xml,"Purple Passion 4k节奏转谱","Diana Boncheva",非押爆,极限,848,86,0,A - 四轨单点,A - 三轨长条结尾,3471690,45 + 0.1
,,Purple Passion 4k节奏转谱 252.xml,"Purple Passion 4k节奏转谱","Diana Boncheva",押爆,极限,848,85,28,A - 四轨单点,A - 三轨长条结尾,3471690,45 + 0.1
,,Purple Passion 4k节奏转谱 252.xml,"Purple Passion 4k节奏转谱","Diana Boncheva",押爆,极限,849,86,2,A - 二轨单点,A - 四轨单点,3471690,45 + 0.1
,,Purple Passion 4k节奏转谱 252.xml,"Purple Passion 4k节奏转谱","Diana Boncheva",超极限,极限,848,85,27,A - 四轨单点,A - 三轨长条结尾,3471690,45 + 0.1
,,Purple Passion 4k节奏转谱 252.xml,"Purple Passion 4k节奏转谱","Diana Boncheva",超极限,极限,849,86,1,A - 二轨单点,A - 四轨单点,3471690,45 + 0.1
,,Asura 4k节奏转谱 354.xml,"Asura 4k节奏转谱","AstroKid",非押爆,极限,1511,134,4,A - 三轨单点,A - 一轨单点、三轨长条开始,3862922,55 + 0.2
,,Asura 4k节奏转谱 354.xml,"Asura 4k节奏转谱","AstroKid",押爆,极限,1510,134,0,A - 一轨单点,A - 一轨单点、三轨长条开始,3864653,56 + 0.2
,,Asura 4k节奏转谱 354.xml,"Asura 4k节奏转谱","AstroKid",超极限,极限,1510,133,31,A - 一轨单点,A - 一轨单点、三轨长条开始,3864653,56 + 0.2
,,Love of red moon 5k节奏转谱 300.xml,"Love of red moon 5k节奏转谱","Lotze",非押爆,极限,1547,123,8,A - 四轨单点,A - 一轨长条中间,3254757,51 - 0.4
,,Love of red moon 5k节奏转谱 300.xml,"Love of red moon 5k节奏转谱","Lotze",押爆,极限,908,81,0,A - 一轨单点、四轨长条开始,A - 二轨长条左滑、五轨单点,3256317,52 - 0.5
,,Love of red moon 5k节奏转谱 300.xml,"Love of red moon 5k节奏转谱","Lotze",超极限,极限,849,77,15,A - 一轨单点、五轨长条左滑,A - 一轨单点、五轨长条左滑,3256317,52 - 0.5
,,Love of red moon 5k节奏转谱 300.xml,"Love of red moon 5k节奏转谱","Lotze",超极限,极限,855,77,23,A - 二轨单点、四轨长条中间,A - 二轨单点、四轨长条右滑,3256317,52 - 0.5
,,Love of red moon 5k节奏转谱 300.xml,"Love of red moon 5k节奏转谱","Lotze",超极限,极限,908,80,31,A - 一轨单点、四轨长条开始,A - 二轨长条左滑、五轨单点,3256317,52 - 0.5
,,Love of red moon 5k节奏转谱 300.xml,"Love of red moon 5k节奏转谱","Lotze",超极限,极限,913,81,7,A - 二轨单点、四轨长条右滑,A - 一轨长条中间、四轨单点,3256317,52 - 0.5
,,Love of red moon 5k节奏转谱 300.xml,"Love of red moon 5k节奏转谱","Lotze",超极限,极限,991,85,15,A - 一轨长条右滑、五轨单点,A - 二轨长条左滑、五轨单点,3256317,52 - 0.5
,,Love of red moon 5k节奏转谱 300.xml,"Love of red moon 5k节奏转谱","Lotze",超极限,极限,997,85,23,A - 二轨长条中间、四轨单点,A - 一轨长条右滑、四轨单点,3256317,52 - 0.5
,,Take Flight 5k节奏转谱 210.xml,"Take Flight 5k节奏转谱","Lindsey Stirling",非押爆,极限,1589,114,16,A - 二轨长条开始、四轨单点,A - 三轨长条开始,3567665,61 + 0.2
,,Take Flight 5k节奏转谱 210.xml,"Take Flight 5k节奏转谱","Lindsey Stirling",押爆,极限,1597,114,24,A - 二轨长条中间,A - 一轨长条右滑、四轨单点,3569915,63 - 0.5
,,Take Flight 5k节奏转谱 210.xml,"Take Flight 5k节奏转谱","Lindsey Stirling",超极限,极限,1597,114,23,A - 二轨长条中间,A - 一轨长条右滑、四轨单点,3570434,63 - 0.2
,,Take Flight 5k节奏转谱 210.xml,"Take Flight 5k节奏转谱","Lindsey Stirling",超极限,极限,1598,114,25,A - 二轨长条右滑,A - 二轨长条中间,3570434,63 - 0.2
,,桃源郷的外星人 4k节奏转谱 255.xml,"桃源郷的外星人 4k节奏转谱","serial TV drama",非押爆,极限,380,27,0,A - 二轨单点、三轨长条开始,A - 二轨长条中间、三轨长条右滑,3871798,63 - 0.3
,,桃源郷的外星人 4k节奏转谱 255.xml,"桃源郷的外星人 4k节奏转谱","serial TV drama",押爆,极限,380,27,0,A - 二轨单点、三轨长条开始,A - 二轨长条左滑,3874567,64 + 0.3
,,桃源郷的外星人 4k节奏转谱 255.xml,"桃源郷的外星人 4k节奏转谱","serial TV drama",超极限,极限,380,26,31,A - 二轨单点、三轨长条开始,A - 二轨长条左滑,3874567,64 + 0.3
,,Love of red moon 4k节奏转谱 225.xml,"Love of red moon 4k节奏转谱","Lotze",非押爆,极限,749,58,14,A - 二轨单点、四轨长条左滑,A - 二轨单点、三轨长条右滑,3054596,60 - 0.1
,,Love of red moon 4k节奏转谱 225.xml,"Love of red moon 4k节奏转谱","Lotze",非押爆,极限,756,58,26,A - 一轨长条右滑、三轨单点,A - 二轨单点、四轨长条左滑,3054596,60 - 0.1
,,Love of red moon 4k节奏转谱 225.xml,"Love of red moon 4k节奏转谱","Lotze",非押爆,极限,815,61,26,A - 二轨单点、四轨单点,A - 二轨长条左滑、三轨单点,3054596,60 - 0.1
,,Love of red moon 4k节奏转谱 225.xml,"Love of red moon 4k节奏转谱","Lotze",押爆,极限,747,58,10,A - 四轨长条中间,A - 二轨单点、三轨长条右滑,3055634,61 - 0.5
,,Love of red moon 4k节奏转谱 225.xml,"Love of red moon 4k节奏转谱","Lotze",押爆,极限,754,58,22,A - 一轨长条中间,A - 二轨单点、四轨长条左滑,3055634,61 - 0.5
,,Love of red moon 4k节奏转谱 225.xml,"Love of red moon 4k节奏转谱","Lotze",押爆,极限,756,58,25,A - 一轨长条右滑、三轨单点,A - 三轨长条中间,3055634,61 - 0.5
,,Love of red moon 4k节奏转谱 225.xml,"Love of red moon 4k节奏转谱","Lotze",押爆,极限,815,61,26,A - 二轨单点、四轨单点,A - 一轨长条中间,3055634,61 - 0.5
,,Love of red moon 4k节奏转谱 225.xml,"Love of red moon 4k节奏转谱","Lotze",超极限,极限,747,58,9,A - 四轨长条中间,A - 二轨单点、三轨长条右滑,3056153,61 - 0.2
,,Love of red moon 4k节奏转谱 225.xml,"Love of red moon 4k节奏转谱","Lotze",超极限,极限,754,58,21,A - 一轨长条中间,A - 二轨单点、四轨长条左滑,3056153,61 - 0.2
,,Love of red moon 4k节奏转谱 225.xml,"Love of red moon 4k节奏转谱","Lotze",超极限,极限,756,58,25,A - 一轨长条右滑、三轨单点,A - 三轨长条中间,3056153,61 - 0.2
,,Dear Mozart 4k节奏转谱 315.xml,"Dear Mozart 4k节奏转谱","JerryC",非押爆,极限,2171,127,2,A - 四轨长条开始,A - 一轨单点、三轨单点,6106887,70 - 0.3
,,Dear Mozart 4k节奏转谱 315.xml,"Dear Mozart 4k节奏转谱","JerryC",押爆,极限,2172,127,4,A - 四轨长条中间,A - 二轨单点、四轨单点,6109311,71 + 0.1
,,Dear Mozart 4k节奏转谱 315.xml,"Dear Mozart 4k节奏转谱","JerryC",超极限,极限,2172,127,3,A - 四轨长条中间,A - 二轨单点、四轨单点,6109830,71 + 0.4
,,少女绮想曲 4k节奏转谱 240.xml,"少女绮想曲 4k节奏转谱","Jun.A",非押爆,极限,1882,112,14,A - 一轨单点、二轨单点,A - 二轨单点、四轨单点,4400123,74 - 0.2
,,少女绮想曲 4k节奏转谱 240.xml,"少女绮想曲 4k节奏转谱","Jun.A",非押爆,极限,1910,113,30,A - 三轨单点、四轨长条开始,A - 一轨长条结尾、二轨单点,4400123,74 - 0.2
,,少女绮想曲 4k节奏转谱 240.xml,"少女绮想曲 4k节奏转谱","Jun.A",非押爆,极限,1918,114,10,A - 三轨单点、四轨单点,A - 一轨长条结尾、四轨单点,4400123,74 - 0.2
,,少女绮想曲 4k节奏转谱 240.xml,"少女绮想曲 4k节奏转谱","Jun.A",非押爆,极限,1921,114,16,A - 二轨单点、四轨长条开始,A - 一轨单点、四轨单点,4400123,74 - 0.2
,,少女绮想曲 4k节奏转谱 240.xml,"少女绮想曲 4k节奏转谱","Jun.A",非押爆,极限,1937,115,14,A - 三轨单点、四轨单点,A - 一轨单点、四轨单点,4400123,74 - 0.2
,,少女绮想曲 4k节奏转谱 240.xml,"少女绮想曲 4k节奏转谱","Jun.A",押爆,极限,1866,111,15,A - 一轨长条开始、四轨单点,A - 二轨长条右滑,4402547,75 + 0.2
,,少女绮想曲 4k节奏转谱 240.xml,"少女绮想曲 4k节奏转谱","Jun.A",押爆,极限,1868,111,18,A - 一轨长条中间,A - 三轨长条右滑,4402547,75 + 0.2
,,少女绮想曲 4k节奏转谱 240.xml,"少女绮想曲 4k节奏转谱","Jun.A",押爆,极限,1869,111,19,A - 三轨单点,A - 三轨长条右滑,4402547,75 + 0.2
,,少女绮想曲 4k节奏转谱 240.xml,"少女绮想曲 4k节奏转谱","Jun.A",超极限,极限,1866,111,16,A - 一轨长条开始、四轨单点,A - 三轨长条中间,4403066,76 - 0.5
,,少女绮想曲 4k节奏转谱 240.xml,"少女绮想曲 4k节奏转谱","Jun.A",超极限,极限,1868,111,17,A - 一轨长条中间,A - 三轨长条右滑,4403066,76 - 0.5
,,Dogs Eating Dogs 5k节奏转谱 280.5.xml,"Dogs Eating Dogs 5k节奏转谱","Blink-182",非押爆,极限,694,53,0,A - 四五轨滑键,A - 四轨单点,4835497,53 + 0.0
,,Dogs Eating Dogs 5k节奏转谱 280.5.xml,"Dogs Eating Dogs 5k节奏转谱","Blink-182",非押爆,极限,695,53,3,A - 一轨单点,A - 一轨单点,4835497,53 + 0.0
,,Dogs Eating Dogs 5k节奏转谱 280.5.xml,"Dogs Eating Dogs 5k节奏转谱","Blink-182",非押爆,极限,696,53,6,A - 四轨单点,A - 四五轨滑键,4835497,53 + 0.0
,,Dogs Eating Dogs 5k节奏转谱 280.5.xml,"Dogs Eating Dogs 5k节奏转谱","Blink-182",非押爆,极限,697,53,9,A - 一轨单点,A - 一轨单点,4835497,53 + 0.0
,,Dogs Eating Dogs 5k节奏转谱 280.5.xml,"Dogs Eating Dogs 5k节奏转谱","Blink-182",非押爆,极限,698,53,12,A - 四轨单点,A - 四轨单点,4835497,53 + 0.0
,,Dogs Eating Dogs 5k节奏转谱 280.5.xml,"Dogs Eating Dogs 5k节奏转谱","Blink-182",非押爆,极限,699,53,15,A - 一轨单点,A - 一轨单点,4835497,53 + 0.0
,,Dogs Eating Dogs 5k节奏转谱 280.5.xml,"Dogs Eating Dogs 5k节奏转谱","Blink-182",非押爆,极限,700,53,18,A - 四五轨滑键,A - 四轨单点,4835497,53 + 0.0
,,Dogs Eating Dogs 5k节奏转谱 280.5.xml,"Dogs Eating Dogs 5k节奏转谱","Blink-182",非押爆,极限,701,53,21,A - 一轨单点,A - 一轨单点,4835497,53 + 0.0
,,Dogs Eating Dogs 5k节奏转谱 280.5.xml,"Dogs Eating Dogs 5k节奏转谱","Blink-182",非押爆,极限,702,53,24,A - 四轨单点,A - 四五轨滑键,4835497,53 + 0.0
,,Dogs Eating Dogs 5k节奏转谱 280.5.xml,"Dogs Eating Dogs 5k节奏转谱","Blink-182",非押爆,极限,703,53,27,A - 一轨单点,A - 一轨单点,4835497,53 + 0.0
,,Dogs Eating Dogs 5k节奏转谱 280.5.xml,"Dogs Eating Dogs 5k节奏转谱","Blink-182",押爆,极限,687,52,19,A - 二轨长条左滑、四轨单点,A - 一轨单点,4837573,54 + 0.2
,,Dogs Eating Dogs 5k节奏转谱 280.5.xml,"Dogs Eating Dogs 5k节奏转谱","Blink-182",押爆,极限,1510,112,19,A - 二轨单点、五轨长条左滑,A - 五轨单点,4837573,54 + 0.2
,,Dogs Eating Dogs 5k节奏转谱 280.5.xml,"Dogs Eating Dogs 5k节奏转谱","Blink-182",超极限,极限,686,52,18,A - 二轨长条中间,A - 一轨单点,4838092,55 - 0.5
,,Dogs Eating Dogs 5k节奏转谱 280.5.xml,"Dogs Eating Dogs 5k节奏转谱","Blink-182",超极限,极限,1509,112,18,A - 五轨长条中间,A - 五轨单点,4838092,55 - 0.5
,,Faraway 5k节奏转谱 288_odd.xml,"Faraway 5k节奏转谱","Diana Boncheva",非押爆,极限,1732,179,30,A - 三轨单点,A - 三轨长条结尾、五轨长条结尾,3915016,50 - 0.4
,,Faraway 5k节奏转谱 288_odd.xml,"Faraway 5k节奏转谱","Diana Boncheva",押爆,极限,1731,179,26,A - 四轨单点,A - 三轨长条结尾、五轨长条结尾,3916747,51 - 0.4
,,Faraway 5k节奏转谱 288_odd.xml,"Faraway 5k节奏转谱","Diana Boncheva",超极限,极限,1731,179,25,A - 四轨单点,A - 三轨长条结尾、五轨长条结尾,3916747,51 - 0.4
,,少女幻葬 5k节奏转谱 246.xml,"少女幻葬 5k节奏转谱","Jun.A",非押爆,极限,406,26,24,A - 二轨单点、四轨长条左滑,A - 二轨长条左滑、四轨单点,5909208,85 + 0.1
,,少女幻葬 5k节奏转谱 246.xml,"少女幻葬 5k节奏转谱","Jun.A",押爆,极限,402,26,20,A - 五轨长条中间,A - 二轨长条左滑、四轨单点,5912496,87 + 0.0
,,少女幻葬 5k节奏转谱 246.xml,"少女幻葬 5k节奏转谱","Jun.A",超极限,极限,402,26,19,A - 五轨长条中间,A - 二轨长条左滑、四轨单点,5913015,87 + 0.3
,,REANIMATE 5k节奏转谱 261.xml,"REANIMATE 5k节奏转谱","Warak",非押爆,极限,1604,114,28,A - 一轨长条开始、五轨长条开始,A - 二轨单点、四轨长条开始,4860099,64 - 0.4
,,REANIMATE 5k节奏转谱 261.xml,"REANIMATE 5k节奏转谱","Warak",押爆,极限,1598,114,3,A - 一轨单点,A - 三轨单点,4861311,64 + 0.3
,,REANIMATE 5k节奏转谱 261.xml,"REANIMATE 5k节奏转谱","Warak",押爆,极限,1599,114,6,A - 三轨单点,A - 四轨单点,4861311,64 + 0.3
,,REANIMATE 5k节奏转谱 261.xml,"REANIMATE 5k节奏转谱","Warak",押爆,极限,1600,114,9,A - 二轨单点,A - 二轨单点,4861311,64 + 0.3
,,REANIMATE 5k节奏转谱 261.xml,"REANIMATE 5k节奏转谱","Warak",押爆,极限,1601,114,12,A - 四轨单点,A - 三轨单点,4861311,64 + 0.3
,,REANIMATE 5k节奏转谱 261.xml,"REANIMATE 5k节奏转谱","Warak",超极限,极限,1598,114,2,A - 一轨单点,A - 三轨单点,4861311,64 + 0.3
,,REANIMATE 5k节奏转谱 261.xml,"REANIMATE 5k节奏转谱","Warak",超极限,极限,1599,114,5,A - 三轨单点,A - 四轨单点,4861311,64 + 0.3
,,REANIMATE 5k节奏转谱 261.xml,"REANIMATE 5k节奏转谱","Warak",超极限,极限,1600,114,8,A - 二轨单点,A - 二轨单点,4861311,64 + 0.3
,,REANIMATE 5k节奏转谱 261.xml,"REANIMATE 5k节奏转谱","Warak",超极限,极限,1601,114,11,A - 四轨单点,A - 三轨单点,4861311,64 + 0.3
,,卡农摇滚版 5k节奏转谱 200_odd.xml,"卡农摇滚版 5k节奏转谱","JerryC",非押爆,极限,899,47,4,A - 一轨长条右滑、五轨长条左滑,A - 三轨单点、五轨单点,5910135,90 + 0.2
,,卡农摇滚版 5k节奏转谱 200_odd.xml,"卡农摇滚版 5k节奏转谱","JerryC",押爆,极限,899,47,4,A - 一轨长条右滑、五轨长条左滑,A - 二轨单点、四轨单点,5913597,92 + 0.2
,,卡农摇滚版 5k节奏转谱 200_odd.xml,"卡农摇滚版 5k节奏转谱","JerryC",超极限,极限,899,47,3,A - 一轨长条右滑、五轨长条左滑,A - 二轨单点、四轨单点,5914635,93 - 0.2
,,Take My Hand 4k节奏转谱 232.2.xml,"Take My Hand 4k节奏转谱","Simple Plan",非押爆,极限,521,44,6,A - 一轨长条开始、四轨长条结尾,A - 一轨长条中间、四轨单点,4120879,60 - 0.2
,,Take My Hand 4k节奏转谱 232.2.xml,"Take My Hand 4k节奏转谱","Simple Plan",押爆,极限,519,44,2,A - 四轨长条中间,A - 一轨长条中间、四轨单点,4121917,60 + 0.4
,,Take My Hand 4k节奏转谱 232.2.xml,"Take My Hand 4k节奏转谱","Simple Plan",押爆,极限,521,44,5,A - 一轨长条开始、四轨长条结尾,A - 一轨长条中间,4121917,60 + 0.4
,,Take My Hand 4k节奏转谱 232.2.xml,"Take My Hand 4k节奏转谱","Simple Plan",押爆,极限,523,44,8,A - 一轨长条中间,A - 一轨长条结尾、三轨长条开始,4121917,60 + 0.4
,,Take My Hand 4k节奏转谱 232.2.xml,"Take My Hand 4k节奏转谱","Simple Plan",超极限,极限,519,44,1,A - 四轨长条中间,A - 一轨长条中间、四轨单点,4122436,61 - 0.3
,,Take My Hand 4k节奏转谱 232.2.xml,"Take My Hand 4k节奏转谱","Simple Plan",超极限,极限,521,44,5,A - 一轨长条开始、四轨长条结尾,A - 一轨长条中间,4122436,61 - 0.3
,,Take My Hand 4k节奏转谱 232.2.xml,"Take My Hand 4k节奏转谱","Simple Plan",超极限,极限,523,44,7,A - 一轨长条中间,A - 一轨长条结尾、三轨长条开始,4122436,61 - 0.3
,,Take My Hand 4k节奏转谱 232.2.xml,"Take My Hand 4k节奏转谱","Simple Plan",超极限,极限,524,44,9,A - 一轨长条右滑,A - 三轨长条中间,4122436,61 - 0.3
,,Goldtown 4k节奏转谱 320.xml,"Goldtown 4k节奏转谱","Memme",非押爆,极限,1288,130,20,A - 四轨长条左滑,A - 一轨单点、四轨长条左滑,4067467,48 + 0.0
,,Goldtown 4k节奏转谱 320.xml,"Goldtown 4k节奏转谱","Memme",押爆,极限,1216,126,16,A - 一轨长条开始、四轨单点,A - 一轨单点、四轨长条左滑,4070062,50 - 0.5
,,Goldtown 4k节奏转谱 320.xml,"Goldtown 4k节奏转谱","Memme",押爆,极限,1263,129,8,A - 二轨单点、四轨长条开始,A - 二轨单点、四轨长条左滑,4070062,50 - 0.5
,,Goldtown 4k节奏转谱 320.xml,"Goldtown 4k节奏转谱","Memme",超极限,极限,1273,129,23,A - 二轨单点、四轨长条左滑,A - 二轨单点、三轨长条右滑,4070236,50 - 0.4
,,Faraway 5k节奏转谱 216.xml,"Faraway 5k节奏转谱","Diana Boncheva",非押爆,极限,1473,134,20,A - 二轨单点,A - 二轨单点、四轨单点,3609895,57 + 0.0
,,Faraway 5k节奏转谱 216.xml,"Faraway 5k节奏转谱","Diana Boncheva",押爆,极限,1472,134,16,A - 四轨单点,A - 二轨单点、四轨单点,3611626,58 + 0.0
,,Faraway 5k节奏转谱 216.xml,"Faraway 5k节奏转谱","Diana Boncheva",超极限,极限,1472,134,15,A - 四轨单点,A - 二轨单点、四轨单点,3611626,58 + 0.0
,,雪愿2 4k节奏转谱 195.xml,"雪愿2 4k节奏转谱","Wolf.R",非押爆,极限,556,52,5,A - 二轨长条开始、四轨单点,A - 三轨单点,2260496,54 + 0.2
,,雪愿2 4k节奏转谱 195.xml,"雪愿2 4k节奏转谱","Wolf.R",押爆,极限,564,52,16,A - 二轨长条中间、三四轨滑条,A - 一轨单点,2262575,55 + 0.4
,,雪愿2 4k节奏转谱 195.xml,"雪愿2 4k节奏转谱","Wolf.R",超极限,极限,563,52,15,A - 二轨长条中间,A - 一轨单点,2263094,56 - 0.3
,,Toy War 5k节奏转谱 240.xml,"Toy War 5k节奏转谱","M2U",非押爆,极限,817,74,24,A - 三轨单点,A - 一轨长条中间、五轨长条中间,3665865,69 + 0.2
,,Toy War 5k节奏转谱 240.xml,"Toy War 5k节奏转谱","M2U",押爆,极限,817,74,24,A - 三轨单点,A - 一轨长条中间、五轨长条中间,3667941,70 + 0.4
,,Toy War 5k节奏转谱 240.xml,"Toy War 5k节奏转谱","M2U",超极限,极限,817,74,23,A - 三轨单点,A - 一轨长条中间、五轨长条中间,3667941,70 + 0.4
,,Take Flight 4k节奏转谱 280_odd.xml,"Take Flight 4k节奏转谱","Lindsey Stirling",非押爆,极限,464,41,0,A - 一轨单点、三轨长条开始,A - 二轨长条中间,3874706,46 + 0.2
,,Take Flight 4k节奏转谱 280_odd.xml,"Take Flight 4k节奏转谱","Lindsey Stirling",押爆,极限,464,41,0,A - 一轨单点、三轨长条开始,A - 二轨长条中间、四轨单点,3877475,48 - 0.2
,,Take Flight 4k节奏转谱 280_odd.xml,"Take Flight 4k节奏转谱","Lindsey Stirling",超极限,极限,464,40,31,A - 一轨单点、三轨长条开始,A - 二轨长条中间、四轨单点,3877475,48 - 0.2
,,Take Flight 4k节奏转谱 280_odd.xml,"Take Flight 4k节奏转谱","Lindsey Stirling",超极限,极限,469,41,7,A - 一轨单点、三轨长条右滑,A - 二轨长条中间、四轨单点,3877475,48 - 0.2
,,大家好 4k节奏转谱 255.xml,"大家好 4k节奏转谱","Memme",非押爆,极限,1108,96,22,A - 二一轨滑键,A - 一二轨滑键、三轨长条右滑,4100335,62 - 0.1
,,大家好 4k节奏转谱 255.xml,"大家好 4k节奏转谱","Memme",押爆,极限,1107,96,18,A - 三轨单点,A - 一二轨滑键、三轨长条右滑,4102066,63 - 0.1
,,大家好 4k节奏转谱 255.xml,"大家好 4k节奏转谱","Memme",超极限,极限,1107,96,17,A - 三轨单点,A - 一二轨滑键、三轨长条右滑,4102066,63 - 0.1
,,Purple Passion 5k节奏转谱 252.xml,"Purple Passion 5k节奏转谱","Diana Boncheva",非押爆,极限,848,86,0,A - 四轨单点,A - 三轨长条结尾,3471690,45 + 0.1
,,Purple Passion 5k节奏转谱 252.xml,"Purple Passion 5k节奏转谱","Diana Boncheva",押爆,极限,848,85,28,A - 四轨单点,A - 三轨长条结尾,3471690,45 + 0.1
,,Purple Passion 5k节奏转谱 252.xml,"Purple Passion 5k节奏转谱","Diana Boncheva",押爆,极限,849,86,2,A - 二轨单点,A - 五轨单点,3471690,45 + 0.1
,,Purple Passion 5k节奏转谱 252.xml,"Purple Passion 5k节奏转谱","Diana Boncheva",超极限,极限,848,85,27,A - 四轨单点,A - 三轨长条结尾,3471690,45 + 0.1
,,Purple Passion 5k节奏转谱 252.xml,"Purple Passion 5k节奏转谱","Diana Boncheva",超极限,极限,849,86,1,A - 二轨单点,A - 五轨单点,3471690,45 + 0.1
,,Extreme Fantasy 4k节奏转谱 304_odd.xml,"Extreme Fantasy 4k节奏转谱","Memme",非押爆,极限,2887,186,4,A - 一轨长条开始、二轨长条开始、三轨长条开始、四轨长条开始,A - 一轨长条结尾、二轨长条结尾、三轨长条结尾、四轨长条结尾,6644075,88 - 0.4
,,Extreme Fantasy 4k节奏转谱 304_odd.xml,"Extreme Fantasy 4k节奏转谱","Memme",押爆,极限,2885,186,0,A - 一轨单点、四轨单点,A - 一轨长条结尾、二轨长条结尾、三轨长条结尾、四轨长条结尾,6647537,90 - 0.4
,,Extreme Fantasy 4k节奏转谱 304_odd.xml,"Extreme Fantasy 4k节奏转谱","Memme",超极限,极限,2885,185,31,A - 一轨单点、四轨单点,A - 一轨长条结尾、二轨长条结尾、三轨长条结尾、四轨长条结尾,6647537,90 - 0.4
,,REANIMATE 4k节奏转谱 348_odd.xml,"REANIMATE 4k节奏转谱","Warak",非押爆,极限,1812,151,20,A - 一轨长条中间、四轨长条左滑,A - 二轨长条右滑、四轨长条中间,5109020,52 - 0.3
,,REANIMATE 4k节奏转谱 348_odd.xml,"REANIMATE 4k节奏转谱","Warak",非押爆,极限,1817,151,24,A - 一轨长条中间、三轨长条左滑,A - 三轨长条左滑、四轨长条中间,5109020,52 - 0.3
,,REANIMATE 4k节奏转谱 348_odd.xml,"REANIMATE 4k节奏转谱","Warak",非押爆,极限,1822,151,28,A - 一轨长条中间、二轨长条右滑,A - 二轨长条左滑、四轨长条结尾,5109020,52 - 0.3
,,REANIMATE 4k节奏转谱 348_odd.xml,"REANIMATE 4k节奏转谱","Warak",押爆,极限,1812,151,20,A - 一轨长条中间、四轨长条左滑,A - 三轨长条左滑、四轨长条中间,5112827,54 - 0.1
,,REANIMATE 4k节奏转谱 348_odd.xml,"REANIMATE 4k节奏转谱","Warak",押爆,极限,1817,151,24,A - 一轨长条中间、三轨长条左滑,A - 二轨长条左滑、四轨长条结尾,5112827,54 - 0.1
,,REANIMATE 4k节奏转谱 348_odd.xml,"REANIMATE 4k节奏转谱","Warak",超极限,极限,1812,151,19,A - 一轨长条中间、四轨长条左滑,A - 三轨长条左滑、四轨长条中间,5113865,55 - 0.5
,,REANIMATE 4k节奏转谱 348_odd.xml,"REANIMATE 4k节奏转谱","Warak",超极限,极限,1817,151,23,A - 一轨长条中间、三轨长条左滑,A - 二轨长条左滑、四轨长条结尾,5113865,55 - 0.5
,,Take Flight 4k节奏转谱 210.xml,"Take Flight 4k节奏转谱","Lindsey Stirling",非押爆,极限,418,34,14,A - 二轨长条中间、三轨单点,A - 一轨单点、三轨长条右滑,3508137,55 + 0.4
,,Take Flight 4k节奏转谱 210.xml,"Take Flight 4k节奏转谱","Lindsey Stirling",押爆,极限,416,34,10,A - 二轨长条中间,A - 一轨单点、三轨长条右滑,3509175,56 + 0.0
,,Take Flight 4k节奏转谱 210.xml,"Take Flight 4k节奏转谱","Lindsey Stirling",超极限,极限,416,34,9,A - 二轨长条中间,A - 一轨单点、三轨长条右滑,3509694,56 + 0.3
,,The Raising Fighting Spirit 4k节奏转谱 280_odd.xml,"The Raising Fighting Spirit 4k节奏转谱","火影忍者",非押爆,极限,976,81,20,A - 一轨长条中间、四轨长条中间,A - 二轨长条左滑、四轨长条左滑,2682140,69 + 0.0
,,The Raising Fighting Spirit 4k节奏转谱 280_odd.xml,"The Raising Fighting Spirit 4k节奏转谱","火影忍者",非押爆,极限,980,81,23,A - 一轨长条右滑、四轨长条左滑,A - 一轨长条中间、三轨长条中间,2682140,69 + 0.0
,,The Raising Fighting Spirit 4k节奏转谱 280_odd.xml,"The Raising Fighting Spirit 4k节奏转谱","火影忍者",押爆,极限,972,81,16,A - 一轨长条中间、四轨长条中间,A - 二轨长条左滑、四轨长条左滑,2684216,70 + 0.2
,,The Raising Fighting Spirit 4k节奏转谱 280_odd.xml,"The Raising Fighting Spirit 4k节奏转谱","火影忍者",押爆,极限,980,81,23,A - 一轨长条右滑、四轨长条左滑,A - 一轨长条中间、三轨长条中间,2684216,70 + 0.2
,,The Raising Fighting Spirit 4k节奏转谱 280_odd.xml,"The Raising Fighting Spirit 4k节奏转谱","火影忍者",超极限,爆气,972,81,15,A - 一轨长条中间、四轨长条中间,A - 二轨长条左滑、四轨长条左滑,2685293,71 - 0.2
,,The Raising Fighting Spirit 4k节奏转谱 280_odd.xml,"The Raising Fighting Spirit 4k节奏转谱","火影忍者",超极限,爆气,980,81,23,A - 一轨长条右滑、四轨长条左滑,A - 一轨长条中间、三轨长条中间,2685293,71 - 0.2
,,雪愿 5k节奏转谱 210.xml,"雪愿 5k节奏转谱","Wolf.R",非押爆,极限,1507,111,15,A - 二轨长条开始、四轨长条开始,A - 二轨长条中间、五轨长条中间,3041740,54 + 0.0
,,雪愿 5k节奏转谱 210.xml,"雪愿 5k节奏转谱","Wolf.R",非押爆,极限,1509,111,17,A - 二轨长条中间、四轨长条中间,A - 二轨长条中间、五轨长条中间,3041740,54 + 0.0
,,雪愿 5k节奏转谱 210.xml,"雪愿 5k节奏转谱","Wolf.R",押爆,极限,1507,111,15,A - 二轨长条开始、四轨长条开始,A - 二轨长条中间、五轨长条中间,3043816,55 + 0.2
,,雪愿 5k节奏转谱 210.xml,"雪愿 5k节奏转谱","Wolf.R",押爆,极限,1509,111,17,A - 二轨长条中间、四轨长条中间,A - 二轨长条中间、五轨长条中间,3043816,55 + 0.2
,,雪愿 5k节奏转谱 210.xml,"雪愿 5k节奏转谱","Wolf.R",超极限,极限,1507,111,16,A - 二轨长条开始、四轨长条开始,A - 二轨长条中间、五轨长条中间,3044854,56 - 0.2
,,雪愿 5k节奏转谱 210.xml,"雪愿 5k节奏转谱","Wolf.R",超极限,极限,1509,111,18,A - 二轨长条中间、四轨长条中间,A - 二轨长条中间、五轨长条中间,3044854,56 - 0.2
,,君往何处 4k节奏转谱 240_odd.xml,"君往何处 4k节奏转谱","M2U",非押爆,极限,1387,118,8,A - 二轨长条左滑、三轨长条右滑,A - 二轨长条左滑、三轨长条右滑,4094331,67 - 0.4
,,君往何处 4k节奏转谱 240_odd.xml,"君往何处 4k节奏转谱","M2U",非押爆,极限,1395,118,14,A - 一轨长条右滑、四轨长条左滑,A - 一轨长条右滑、四轨长条左滑,4094331,67 - 0.4
,,君往何处 4k节奏转谱 240_odd.xml,"君往何处 4k节奏转谱","M2U",押爆,极限,1413,118,28,A - 二轨长条中间、三轨长条中间,A - 二轨长条左滑、三轨长条右滑,4097445,68 + 0.4
,,君往何处 4k节奏转谱 240_odd.xml,"君往何处 4k节奏转谱","M2U",超极限,极限,1413,118,27,A - 二轨长条中间、三轨长条中间,A - 二轨长条左滑、三轨长条右滑,4098483,69 + 0.0
,,君往何处 4k节奏转谱 240_odd.xml,"君往何处 4k节奏转谱","M2U",超极限,极限,1415,118,29,A - 二轨长条左滑、三轨长条右滑,A - 一轨长条中间、四轨长条中间,4098483,69 + 0.0
,,Toy War 4k节奏转谱 320.xml,"Toy War 4k节奏转谱","M2U",非押爆,极限,855,99,28,A - 三轨单点,A - 一轨长条结尾、四轨长条结尾,3738612,59 + 0.0
,,Toy War 4k节奏转谱 320.xml,"Toy War 4k节奏转谱","M2U",押爆,极限,854,99,24,A - 四轨单点,A - 一轨长条结尾、四轨长条结尾,3740343,60 + 0.0
,,Toy War 4k节奏转谱 320.xml,"Toy War 4k节奏转谱","M2U",超极限,极限,854,99,23,A - 四轨单点,A - 一轨长条结尾、四轨长条结尾,3740343,60 + 0.0
,,大家好 5k节奏转谱 255.xml,"大家好 5k节奏转谱","Memme",非押爆,极限,1111,96,22,A - 二一轨滑键,A - 一轨单点、三轨长条右滑,4089606,59 - 0.1
,,大家好 5k节奏转谱 255.xml,"大家好 5k节奏转谱","Memme",押爆,极限,1110,96,18,A - 三轨单点,A - 一轨单点、三轨长条右滑,4091337,60 - 0.1
,,大家好 5k节奏转谱 255.xml,"大家好 5k节奏转谱","Memme",超极限,极限,1110,96,17,A - 三轨单点,A - 一轨单点、三轨长条右滑,4091337,60 - 0.1
,,Purple Passion 5k节奏转谱 336_odd.xml,"Purple Passion 5k节奏转谱","Diana Boncheva",非押爆,极限,1976,214,4,A - 一轨长条中间,A - 三轨长条结尾、五轨长条结尾,3788793,42 - 0.3
,,Purple Passion 5k节奏转谱 336_odd.xml,"Purple Passion 5k节奏转谱","Diana Boncheva",押爆,极限,1974,214,0,A - 一轨长条中间,A - 三轨长条结尾、五轨长条结尾,3789831,42 + 0.3
,,Purple Passion 5k节奏转谱 336_odd.xml,"Purple Passion 5k节奏转谱","Diana Boncheva",超极限,极限,1974,213,31,A - 一轨长条中间,A - 三轨长条结尾、五轨长条结尾,3790350,43 - 0.4
,,Drunkenstein 4k节奏转谱 256_odd.xml,"Drunkenstein 4k节奏转谱","Paul Bazooka",非押爆,极限,1077,84,0,A - 二轨单点、三轨单点,A - 二轨长条左滑,4033108,54 - 0.2
,,Drunkenstein 4k节奏转谱 256_odd.xml,"Drunkenstein 4k节奏转谱","Paul Bazooka",押爆,极限,1069,83,16,A - 一轨单点、三轨长条右滑,A - 一轨单点、三轨长条右滑,4035358,55 + 0.1
,,Drunkenstein 4k节奏转谱 256_odd.xml,"Drunkenstein 4k节奏转谱","Paul Bazooka",超极限,极限,1069,83,15,A - 一轨单点、三轨长条右滑,A - 一轨单点、三轨长条右滑,4035877,55 + 0.4
,,野蜂飞舞 4k节奏转谱 240.xml,"野蜂飞舞 4k节奏转谱","马克西姆",非押爆,极限,1096,89,0,A - 四轨长条开始,A - 三轨长条右滑,4217609,68 - 0.1
,,野蜂飞舞 4k节奏转谱 240.xml,"野蜂飞舞 4k节奏转谱","马克西姆",押爆,极限,1057,87,18,A - 四轨长条中间,A - 二轨长条右滑,4219859,69 + 0.2
,,野蜂飞舞 4k节奏转谱 240.xml,"野蜂飞舞 4k节奏转谱","马克西姆",押爆,极限,1060,87,21,A - 三轨长条中间,A - 三轨长条右滑,4219859,69 + 0.2
,,野蜂飞舞 4k节奏转谱 240.xml,"野蜂飞舞 4k节奏转谱","马克西姆",押爆,极限,1070,88,1,A - 一轨长条中间,A - 二轨长条左滑,4219859,69 + 0.2
,,野蜂飞舞 4k节奏转谱 240.xml,"野蜂飞舞 4k节奏转谱","马克西姆",押爆,极限,1077,88,10,A - 四轨长条中间,A - 二轨长条右滑,4219859,69 + 0.2
,,野蜂飞舞 4k节奏转谱 240.xml,"野蜂飞舞 4k节奏转谱","马克西姆",押爆,极限,1080,88,13,A - 三轨长条中间,A - 三轨长条右滑,4219859,69 + 0.2
,,野蜂飞舞 4k节奏转谱 240.xml,"野蜂飞舞 4k节奏转谱","马克西姆",押爆,极限,1087,88,22,A - 一轨长条中间,A - 三轨长条左滑,4219859,69 + 0.2
,,野蜂飞舞 4k节奏转谱 240.xml,"野蜂飞舞 4k节奏转谱","马克西姆",押爆,极限,1090,88,25,A - 二轨长条中间,A - 二轨长条右滑,4219859,69 + 0.2
,,野蜂飞舞 4k节奏转谱 240.xml,"野蜂飞舞 4k节奏转谱","马克西姆",押爆,极限,1093,88,28,A - 三轨长条中间,A - 三轨长条右滑,4219859,69 + 0.2
,,野蜂飞舞 4k节奏转谱 240.xml,"野蜂飞舞 4k节奏转谱","马克西姆",押爆,极限,1097,89,2,A - 四轨长条中间,A - 一轨长条右滑,4219859,69 + 0.2
,,野蜂飞舞 4k节奏转谱 240.xml,"野蜂飞舞 4k节奏转谱","马克西姆",押爆,极限,1100,89,5,A - 三轨长条中间,A - 二轨长条左滑,4219859,69 + 0.2
,,野蜂飞舞 4k节奏转谱 240.xml,"野蜂飞舞 4k节奏转谱","马克西姆",超极限,极限,1057,87,17,A - 四轨长条中间,A - 二轨长条右滑,4220378,70 - 0.5
,,野蜂飞舞 4k节奏转谱 240.xml,"野蜂飞舞 4k节奏转谱","马克西姆",超极限,极限,1058,87,19,A - 四轨长条左滑,A - 三轨长条中间,4220378,70 - 0.5
,,野蜂飞舞 4k节奏转谱 240.xml,"野蜂飞舞 4k节奏转谱","马克西姆",超极限,极限,1060,87,20,A - 三轨长条中间,A - 三轨长条右滑,4220378,70 - 0.5
,,野蜂飞舞 4k节奏转谱 240.xml,"野蜂飞舞 4k节奏转谱","马克西姆",超极限,极限,1070,88,0,A - 一轨长条中间,A - 二轨长条左滑,4220378,70 - 0.5
,,野蜂飞舞 4k节奏转谱 240.xml,"野蜂飞舞 4k节奏转谱","马克西姆",超极限,极限,1077,88,9,A - 四轨长条中间,A - 二轨长条右滑,4220378,70 - 0.5
,,野蜂飞舞 4k节奏转谱 240.xml,"野蜂飞舞 4k节奏转谱","马克西姆",超极限,极限,1078,88,11,A - 四轨长条左滑,A - 三轨长条中间,4220378,70 - 0.5
,,野蜂飞舞 4k节奏转谱 240.xml,"野蜂飞舞 4k节奏转谱","马克西姆",超极限,极限,1080,88,12,A - 三轨长条中间,A - 三轨长条右滑,4220378,70 - 0.5
,,野蜂飞舞 4k节奏转谱 240.xml,"野蜂飞舞 4k节奏转谱","马克西姆",超极限,极限,1087,88,21,A - 一轨长条中间,A - 三轨长条左滑,4220378,70 - 0.5
,,野蜂飞舞 4k节奏转谱 240.xml,"野蜂飞舞 4k节奏转谱","马克西姆",超极限,极限,1088,88,23,A - 一轨长条右滑,A - 二轨长条中间,4220378,70 - 0.5
,,野蜂飞舞 4k节奏转谱 240.xml,"野蜂飞舞 4k节奏转谱","马克西姆",超极限,极限,1090,88,24,A - 二轨长条中间,A - 二轨长条右滑,4220378,70 - 0.5
,,桃源郷的外星人 5k节奏转谱 255.xml,"桃源郷的外星人 5k节奏转谱","serial TV drama",非押爆,极限,378,27,0,A - 二轨单点、四轨长条开始,A - 二轨长条中间、四轨长条右滑,3880451,63 - 0.3
,,桃源郷的外星人 5k节奏转谱 255.xml,"桃源郷的外星人 5k节奏转谱","serial TV drama",押爆,极限,378,27,0,A - 二轨单点、四轨长条开始,A - 二轨长条左滑,3883220,64 + 0.3
,,桃源郷的外星人 5k节奏转谱 255.xml,"桃源郷的外星人 5k节奏转谱","serial TV drama",超极限,极限,378,26,31,A - 二轨单点、四轨长条开始,A - 二轨长条左滑,3883220,64 + 0.3
,,神圣之光 5k节奏转谱 232.5.xml,"神圣之光 5k节奏转谱","7 Sequence",非押爆,极限,511,34,11,A - 二轨长条开始、五轨长条开始,A - 三轨长条左滑、五轨长条左滑,5462548,80 - 0.2
,,神圣之光 5k节奏转谱 232.5.xml,"神圣之光 5k节奏转谱","7 Sequence",押爆,极限,513,34,13,A - 二轨长条中间、五轨长条中间,A - 三轨单点、五轨单点,5463934,81 - 0.4
,,神圣之光 5k节奏转谱 232.5.xml,"神圣之光 5k节奏转谱","7 Sequence",超极限,极限,513,34,12,A - 二轨长条中间、五轨长条中间,A - 三轨单点、五轨单点,5464972,81 + 0.2
,,野蜂飞舞 5k节奏转谱 240.xml,"野蜂飞舞 5k节奏转谱","马克西姆",非押爆,极限,139,15,25,A - 二轨单点,A - 三轨长条右滑,4183204,60 - 0.4
,,野蜂飞舞 5k节奏转谱 240.xml,"野蜂飞舞 5k节奏转谱","马克西姆",非押爆,极限,140,15,28,A - 三轨单点,A - 一轨单点,4183204,60 - 0.4
,,野蜂飞舞 5k节奏转谱 240.xml,"野蜂飞舞 5k节奏转谱","马克西姆",非押爆,极限,141,15,31,A - 一轨单点,A - 三轨单点,4183204,60 - 0.4
,,野蜂飞舞 5k节奏转谱 240.xml,"野蜂飞舞 5k节奏转谱","马克西姆",非押爆,极限,142,16,2,A - 四轨单点,A - 二轨单点,4183204,60 - 0.4
,,野蜂飞舞 5k节奏转谱 240.xml,"野蜂飞舞 5k节奏转谱","马克西姆",非押爆,极限,143,16,5,A - 二轨单点,A - 四轨单点,4183204,60 - 0.4
,,野蜂飞舞 5k节奏转谱 240.xml,"野蜂飞舞 5k节奏转谱","马克西姆",非押爆,极限,144,16,8,A - 五轨单点,A - 三轨单点,4183204,60 - 0.4
,,野蜂飞舞 5k节奏转谱 240.xml,"野蜂飞舞 5k节奏转谱","马克西姆",非押爆,极限,145,16,11,A - 三轨单点,A - 五轨单点,4183204,60 - 0.4
,,野蜂飞舞 5k节奏转谱 240.xml,"野蜂飞舞 5k节奏转谱","马克西姆",非押爆,极限,146,16,14,A - 四轨单点,A - 二轨单点,4183204,60 - 0.4
,,野蜂飞舞 5k节奏转谱 240.xml,"野蜂飞舞 5k节奏转谱","马克西姆",非押爆,极限,147,16,17,A - 二轨单点,A - 四轨单点,4183204,60 - 0.4
,,野蜂飞舞 5k节奏转谱 240.xml,"野蜂飞舞 5k节奏转谱","马克西姆",非押爆,极限,685,54,28,A - 三轨单点,A - 一轨单点,4183204,60 - 0.4
,,野蜂飞舞 5k节奏转谱 240.xml,"野蜂飞舞 5k节奏转谱","马克西姆",押爆,极限,1239,94,22,A - 五轨长条中间,A - 四轨单点,4185454,61 - 0.1
,,野蜂飞舞 5k节奏转谱 240.xml,"野蜂飞舞 5k节奏转谱","马克西姆",押爆,极限,1261,96,6,A - 一轨长条中间,A - 二轨单点,4185454,61 - 0.1
,,野蜂飞舞 5k节奏转谱 240.xml,"野蜂飞舞 5k节奏转谱","马克西姆",超极限,极限,1239,94,21,A - 五轨长条中间,A - 四轨单点,4185973,61 + 0.2
,,野蜂飞舞 5k节奏转谱 240.xml,"野蜂飞舞 5k节奏转谱","马克西姆",超极限,极限,1261,96,5,A - 一轨长条中间,A - 二轨单点,4185973,61 + 0.2
,,Take My Hand 5k节奏转谱 309.6.xml,"Take My Hand 5k节奏转谱","Simple Plan",非押爆,极限,1809,137,0,A - 二一轨滑条、四轨单点,A - 五轨长条中间,4553836,53 + 0.4
,,Take My Hand 5k节奏转谱 309.6.xml,"Take My Hand 5k节奏转谱","Simple Plan",押爆,极限,1809,137,0,A - 二一轨滑条、四轨单点,A - 二轨单点、五轨长条中间,4556605,55 + 0.0
,,Take My Hand 5k节奏转谱 309.6.xml,"Take My Hand 5k节奏转谱","Simple Plan",超极限,极限,1809,136,31,A - 二一轨滑条、四轨单点,A - 二轨单点、五轨长条中间,4556605,55 + 0.0
,,致命之剑 4k节奏转谱 190.5.xml,"致命之剑 4k节奏转谱","Lin-G",非押爆,极限,325,26,3,A - 一轨长条中间、三轨长条中间,A - 二一轨滑键、四轨单点,4146647,55 + 0.0
,,致命之剑 4k节奏转谱 190.5.xml,"致命之剑 4k节奏转谱","Lin-G",押爆,极限,353,26,29,A - 二轨长条左滑、四轨长条左滑,A - 三轨单点,4148729,56 + 0.2
,,致命之剑 4k节奏转谱 190.5.xml,"致命之剑 4k节奏转谱","Lin-G",超极限,极限,351,26,28,A - 二轨长条中间、四轨长条中间,A - 三轨单点,4149767,57 - 0.2
,,Goldtown 5k节奏转谱 320.xml,"Goldtown 5k节奏转谱","Memme",非押爆,极限,1562,146,0,A - 一轨长条开始、五轨长条开始,A - 三轨单点,4118529,50 + 0.1
,,Goldtown 5k节奏转谱 320.xml,"Goldtown 5k节奏转谱","Memme",押爆,极限,1562,146,0,A - 一轨长条开始、五轨长条开始,A - 一轨单点,4120260,51 + 0.1
,,Goldtown 5k节奏转谱 320.xml,"Goldtown 5k节奏转谱","Memme",超极限,极限,1562,145,31,A - 一轨长条开始、五轨长条开始,A - 一轨单点,4120260,51 + 0.1
,,卡农摇滚版 4k节奏转谱 200_odd.xml,"卡农摇滚版 4k节奏转谱","JerryC",非押爆,极限,897,47,4,A - 一轨长条右滑、四轨长条左滑,A - 二轨单点、四轨单点,5869623,87 + 0.2
,,卡农摇滚版 4k节奏转谱 200_odd.xml,"卡农摇滚版 4k节奏转谱","JerryC",押爆,极限,893,47,0,A - 一轨长条开始、四轨长条开始,A - 二轨单点、四轨单点,5872737,89 + 0.0
,,卡农摇滚版 4k节奏转谱 200_odd.xml,"卡农摇滚版 4k节奏转谱","JerryC",超极限,极限,893,46,31,A - 一轨长条开始、四轨长条开始,A - 二轨单点、四轨单点,5872737,89 + 0.0
,,Take My Hand 5k节奏转谱 232.2.xml,"Take My Hand 5k节奏转谱","Simple Plan",非押爆,极限,521,44,6,A - 一轨长条开始、五轨长条结尾,A - 一轨长条中间、三轨单点,4122946,60 - 0.2
,,Take My Hand 5k节奏转谱 232.2.xml,"Take My Hand 5k节奏转谱","Simple Plan",押爆,极限,519,44,2,A - 五轨长条中间,A - 一轨长条中间、三轨单点,4123984,60 + 0.4
,,Take My Hand 5k节奏转谱 232.2.xml,"Take My Hand 5k节奏转谱","Simple Plan",押爆,极限,521,44,5,A - 一轨长条开始、五轨长条结尾,A - 一轨长条中间,4123984,60 + 0.4
,,Take My Hand 5k节奏转谱 232.2.xml,"Take My Hand 5k节奏转谱","Simple Plan",押爆,极限,523,44,8,A - 一轨长条中间,A - 一轨长条结尾、四轨长条开始,4123984,60 + 0.4
,,Take My Hand 5k节奏转谱 232.2.xml,"Take My Hand 5k节奏转谱","Simple Plan",超极限,极限,519,44,1,A - 五轨长条中间,A - 一轨长条中间、三轨单点,4124503,61 - 0.3
,,Take My Hand 5k节奏转谱 232.2.xml,"Take My Hand 5k节奏转谱","Simple Plan",超极限,极限,521,44,5,A - 一轨长条开始、五轨长条结尾,A - 一轨长条中间,4124503,61 - 0.3
,,Take My Hand 5k节奏转谱 232.2.xml,"Take My Hand 5k节奏转谱","Simple Plan",超极限,极限,523,44,7,A - 一轨长条中间,A - 一轨长条结尾、四轨长条开始,4124503,61 - 0.3
,,Take My Hand 5k节奏转谱 232.2.xml,"Take My Hand 5k节奏转谱","Simple Plan",超极限,极限,524,44,9,A - 一轨长条右滑,A - 四轨长条中间,4124503,61 - 0.3
,,Take Flight 5k节奏转谱 280_odd.xml,"Take Flight 5k节奏转谱","Lindsey Stirling",非押爆,极限,1894,150,12,A - 一轨单点、三轨长条开始,A - 一轨长条右滑,3933715,52 - 0.3
,,Take Flight 5k节奏转谱 280_odd.xml,"Take Flight 5k节奏转谱","Lindsey Stirling",押爆,极限,1872,149,0,A - 二轨长条开始、四轨长条开始,A - 二轨单点、五轨长条左滑,3935965,53 + 0.0
,,Take Flight 5k节奏转谱 280_odd.xml,"Take Flight 5k节奏转谱","Lindsey Stirling",超极限,极限,1872,148,31,A - 二轨长条开始、四轨长条开始,A - 二轨单点、五轨长条左滑,3935965,53 + 0.0
,,君往何处 5k节奏转谱 320_odd.xml,"君往何处 5k节奏转谱","M2U",非押爆,极限,1470,152,20,A - 五轨长条左滑,A - 二轨长条左滑、四轨长条右滑,4263049,57 - 0.2
,,君往何处 5k节奏转谱 320_odd.xml,"君往何处 5k节奏转谱","M2U",押爆,极限,1467,152,16,A - 一轨单点、五轨长条开始,A - 二轨长条左滑、四轨长条右滑,4266337,59 - 0.3
,,君往何处 5k节奏转谱 320_odd.xml,"君往何处 5k节奏转谱","M2U",超极限,极限,1467,152,15,A - 一轨单点、五轨长条开始,A - 二轨长条左滑、四轨长条右滑,4266337,59 - 0.3
,,卡农摇滚版 5k节奏转谱 300.xml,"卡农摇滚版 5k节奏转谱","JerryC",非押爆,极限,1132,68,0,A - 一轨长条开始、五轨长条开始,A - 一轨长条右滑、四轨长条右滑,6525032,78 - 0.2
,,卡农摇滚版 5k节奏转谱 300.xml,"卡农摇滚版 5k节奏转谱","JerryC",押爆,极限,1132,68,0,A - 一轨长条开始、五轨长条开始,A - 二轨长条中间、五轨长条中间,6527108,79 + 0.0
,,卡农摇滚版 5k节奏转谱 300.xml,"卡农摇滚版 5k节奏转谱","JerryC",超极限,极限,1132,67,31,A - 一轨长条开始、五轨长条开始,A - 二轨长条中间、五轨长条中间,6527108,79 + 0.0
,,卡农摇滚版 5k节奏转谱 300.xml,"卡农摇滚版 5k节奏转谱","JerryC",超极限,极限,1134,68,1,A - 一轨长条中间、五轨长条中间,A - 二轨长条中间、五轨长条中间,6527108,79 + 0.0
,,卡农摇滚版 5k节奏转谱 300.xml,"卡农摇滚版 5k节奏转谱","JerryC",超极限,极限,1138,68,5,A - 一轨长条右滑、五轨长条左滑,A - 二轨长条中间、五轨长条中间,6527108,79 + 0.0
,,卡农摇滚版 5k节奏转谱 300.xml,"卡农摇滚版 5k节奏转谱","JerryC",超极限,极限,1142,68,7,A - 二轨长条中间、四轨长条中间,A - 二轨长条右滑、五轨长条左滑,6527108,79 + 0.0
,,卡农摇滚版 5k节奏转谱 300.xml,"卡农摇滚版 5k节奏转谱","JerryC",超极限,极限,1146,68,11,A - 二轨长条右滑、四轨长条右滑,A - 三轨长条中间、四轨长条中间,6527108,79 + 0.0
,,君往何处 5k节奏转谱 240_odd.xml,"君往何处 5k节奏转谱","M2U",非押爆,极限,1393,118,8,A - 一轨长条右滑、三轨长条右滑,A - 二轨长条右滑、四轨长条右滑,4107834,67 - 0.4
,,君往何处 5k节奏转谱 240_odd.xml,"君往何处 5k节奏转谱","M2U",非押爆,极限,1401,118,14,A - 二轨长条右滑、四轨长条右滑,A - 三轨长条左滑、五轨长条左滑,4107834,67 - 0.4
,,君往何处 5k节奏转谱 240_odd.xml,"君往何处 5k节奏转谱","M2U",押爆,极限,1419,118,28,A - 一轨长条中间、三轨长条中间,A - 二轨长条右滑、四轨长条右滑,4110948,68 + 0.4
,,君往何处 5k节奏转谱 240_odd.xml,"君往何处 5k节奏转谱","M2U",超极限,极限,1419,118,27,A - 一轨长条中间、三轨长条中间,A - 二轨长条右滑、四轨长条右滑,4111986,69 + 0.0
,,君往何处 5k节奏转谱 240_odd.xml,"君往何处 5k节奏转谱","M2U",超极限,极限,1421,118,29,A - 一轨长条右滑、三轨长条右滑,A - 三轨长条中间、五轨长条中间,4111986,69 + 0.0
,,桃源郷的外星人 4k节奏转谱 340_odd.xml,"桃源郷的外星人 4k节奏转谱","serial TV drama",非押爆,极限,462,34,10,A - 二轨单点、三轨长条开始,A - 一轨长条中间,4426578,59 - 0.2
,,桃源郷的外星人 4k节奏转谱 340_odd.xml,"桃源郷的外星人 4k节奏转谱","serial TV drama",押爆,极限,466,34,16,A - 三轨长条右滑,A - 一轨长条右滑、三四轨滑键,4428828,60 + 0.1
,,桃源郷的外星人 4k节奏转谱 340_odd.xml,"桃源郷的外星人 4k节奏转谱","serial TV drama",超极限,极限,466,34,15,A - 三轨长条右滑,A - 一轨长条右滑、三四轨滑键,4429347,60 + 0.4
,,魔理沙胡了个不得了的役满 5k节奏转谱 255_odd.xml,"魔理沙胡了个不得了的役满 5k节奏转谱","IOSYS",非押爆,爆气,3471,222,4,A - 二轨单点、四轨单点,A - 一轨长条开始、五四轨滑键,10999435,425 + 0.3
,,魔理沙胡了个不得了的役满 5k节奏转谱 255_odd.xml,"魔理沙胡了个不得了的役满 5k节奏转谱","IOSYS",押爆,爆气,3469,222,0,A - 一轨单点、三轨单点,A - 一轨长条开始、五四轨滑键,11010043,427 + 0.3
,,魔理沙胡了个不得了的役满 5k节奏转谱 255_odd.xml,"魔理沙胡了个不得了的役满 5k节奏转谱","IOSYS",超极限,爆气,3467,221,30,A - 一轨单点（cool）、三轨单点（cool）、二轨单点、四轨单点,A - 一轨单点、二轨单点、三轨单点、四轨单点、五轨单点,11014116,431 + 0.0
,,Faraway 4k节奏转谱 288_odd.xml,"Faraway 4k节奏转谱","Diana Boncheva",非押爆,极限,1731,179,30,A - 一轨单点,A - 一轨长条结尾、三轨长条结尾,3913978,50 - 0.4
,,Faraway 4k节奏转谱 288_odd.xml,"Faraway 4k节奏转谱","Diana Boncheva",押爆,极限,1730,179,26,A - 四轨单点,A - 一轨长条结尾、三轨长条结尾,3915709,51 - 0.4
,,Faraway 4k节奏转谱 288_odd.xml,"Faraway 4k节奏转谱","Diana Boncheva",超极限,极限,1730,179,25,A - 四轨单点,A - 一轨长条结尾、三轨长条结尾,3915709,51 - 0.4
,,The Raising Fighting Spirit 5k节奏转谱 280_odd.xml,"The Raising Fighting Spirit 5k节奏转谱","火影忍者",非押爆,极限,976,81,20,A - 三轨长条中间、五轨长条中间,A - 二轨长条左滑、五轨长条左滑,2732671,69 + 0.0
,,The Raising Fighting Spirit 5k节奏转谱 280_odd.xml,"The Raising Fighting Spirit 5k节奏转谱","火影忍者",非押爆,极限,980,81,23,A - 三轨长条左滑、五轨长条左滑,A - 一轨长条中间、三轨长条中间,2732671,69 + 0.0
,,The Raising Fighting Spirit 5k节奏转谱 280_odd.xml,"The Raising Fighting Spirit 5k节奏转谱","火影忍者",押爆,极限,1116,85,21,A - 一轨长条中间、四轨长条中间,A - 三轨长条左滑、五轨长条左滑,2736133,71 + 0.0
,,The Raising Fighting Spirit 5k节奏转谱 280_odd.xml,"The Raising Fighting Spirit 5k节奏转谱","火影忍者",押爆,极限,1118,85,23,A - 一轨长条右滑、四轨长条左滑,A - 二轨长条中间、四轨长条中间,2736133,71 + 0.0
,,The Raising Fighting Spirit 5k节奏转谱 280_odd.xml,"The Raising Fighting Spirit 5k节奏转谱","火影忍者",超极限,极限,1114,85,20,A - 一轨长条中间、四轨长条中间,A - 三轨长条左滑、五轨长条左滑,2737171,72 - 0.4
,,The Raising Fighting Spirit 5k节奏转谱 280_odd.xml,"The Raising Fighting Spirit 5k节奏转谱","火影忍者",超极限,极限,1118,85,24,A - 一轨长条右滑、四轨长条左滑,A - 二轨长条中间、四轨长条中间,2737171,72 - 0.4
,,少女幻葬 5k节奏转谱 328_odd.xml,"少女幻葬 5k节奏转谱","Jun.A",非押爆,极限,446,33,20,A - 一轨单点、五轨长条开始,A - 二轨单点、四轨长条右滑,6350040,64 - 0.3
,,少女幻葬 5k节奏转谱 328_odd.xml,"少女幻葬 5k节奏转谱","Jun.A",非押爆,极限,487,35,20,A - 一轨长条开始、五轨单点,A - 二轨长条左滑、四轨单点,6350040,64 - 0.3
,,少女幻葬 5k节奏转谱 328_odd.xml,"少女幻葬 5k节奏转谱","Jun.A",押爆,极限,444,33,16,A - 一轨单点、三轨单点,A - 二轨单点、四轨长条右滑,6353502,66 - 0.3
,,少女幻葬 5k节奏转谱 328_odd.xml,"少女幻葬 5k节奏转谱","Jun.A",押爆,极限,485,35,16,A - 三轨单点、四轨单点,A - 二轨长条左滑、四轨单点,6353502,66 - 0.3
,,少女幻葬 5k节奏转谱 328_odd.xml,"少女幻葬 5k节奏转谱","Jun.A",押爆,极限,493,36,0,A - 二轨长条右滑、四轨单点,A - 一轨长条右滑、三轨单点,6353502,66 - 0.3
,,少女幻葬 5k节奏转谱 328_odd.xml,"少女幻葬 5k节奏转谱","Jun.A",超极限,极限,493,35,31,A - 二轨长条右滑、四轨单点,A - 一轨长条右滑、三轨单点,6354021,66 + 0.0
,,卡农摇滚版 4k节奏转谱 300.xml,"卡农摇滚版 4k节奏转谱","JerryC",非押爆,极限,1129,68,0,A - 一轨长条开始、四轨长条开始,A - 一轨长条右滑、三轨长条右滑,6488675,78 - 0.2
,,卡农摇滚版 4k节奏转谱 300.xml,"卡农摇滚版 4k节奏转谱","JerryC",押爆,极限,1129,68,0,A - 一轨长条开始、四轨长条开始,A - 二轨长条中间、四轨长条中间,6490751,79 + 0.0
,,卡农摇滚版 4k节奏转谱 300.xml,"卡农摇滚版 4k节奏转谱","JerryC",超极限,极限,1129,67,31,A - 一轨长条开始、四轨长条开始,A - 二轨长条中间、四轨长条中间,6490751,79 + 0.0
,,卡农摇滚版 4k节奏转谱 300.xml,"卡农摇滚版 4k节奏转谱","JerryC",超极限,极限,1131,68,1,A - 一轨长条中间、四轨长条中间,A - 二轨长条中间、四轨长条中间,6490751,79 + 0.0
,,卡农摇滚版 4k节奏转谱 300.xml,"卡农摇滚版 4k节奏转谱","JerryC",超极限,极限,1135,68,5,A - 一轨长条右滑、四轨长条左滑,A - 二轨长条中间、四轨长条中间,6490751,79 + 0.0
,,卡农摇滚版 4k节奏转谱 300.xml,"卡农摇滚版 4k节奏转谱","JerryC",超极限,极限,1139,68,7,A - 二轨长条中间、三轨长条中间,A - 二轨长条左滑、四轨长条左滑,6490751,79 + 0.0
,,卡农摇滚版 4k节奏转谱 300.xml,"卡农摇滚版 4k节奏转谱","JerryC",超极限,极限,1143,68,11,A - 二轨长条左滑、三轨长条右滑,A - 一轨长条中间、三轨长条中间,6490751,79 + 0.0
,,致命之剑 5k节奏转谱 190.5.xml,"致命之剑 5k节奏转谱","Lin-G",非押爆,极限,323,26,3,A - 一轨长条中间、三轨长条中间,A - 二一轨滑键、五轨单点,4102013,55 + 0.0
,,致命之剑 5k节奏转谱 190.5.xml,"致命之剑 5k节奏转谱","Lin-G",押爆,极限,351,26,29,A - 二轨长条左滑、四轨长条左滑,A - 四轨单点,4104095,56 + 0.2
,,致命之剑 5k节奏转谱 190.5.xml,"致命之剑 5k节奏转谱","Lin-G",超极限,极限,349,26,28,A - 二轨长条中间、四轨长条中间,A - 四轨单点,4105133,57 - 0.2
,,Purple Passion 4k节奏转谱 336_odd.xml,"Purple Passion 4k节奏转谱","Diana Boncheva",非押爆,极限,1976,214,4,A - 一轨长条中间,A - 三轨长条结尾、四轨长条结尾,3788793,42 - 0.3
,,Purple Passion 4k节奏转谱 336_odd.xml,"Purple Passion 4k节奏转谱","Diana Boncheva",押爆,极限,1974,214,0,A - 一轨长条中间,A - 三轨长条结尾、四轨长条结尾,3789831,42 + 0.3
,,Purple Passion 4k节奏转谱 336_odd.xml,"Purple Passion 4k节奏转谱","Diana Boncheva",超极限,极限,1974,213,31,A - 一轨长条中间,A - 三轨长条结尾、四轨长条结尾,3790350,43 - 0.4
,,神圣之光 4k节奏转谱 232.5_odd.xml,"神圣之光 4k节奏转谱","7 Sequence",非押爆,极限,506,34,11,A - 二轨长条开始、四轨长条开始,A - 二轨长条左滑、四轨长条左滑,5398679,78 + 0.2
,,神圣之光 4k节奏转谱 232.5_odd.xml,"神圣之光 4k节奏转谱","7 Sequence",押爆,极限,508,34,13,A - 二轨长条中间、四轨长条中间,A - 二轨单点、四轨单点,5400065,79 + 0.0
,,神圣之光 4k节奏转谱 232.5_odd.xml,"神圣之光 4k节奏转谱","7 Sequence",超极限,极限,508,34,12,A - 二轨长条中间、四轨长条中间,A - 二轨单点、四轨单点,5401103,80 - 0.4
,,致命之剑 5k节奏转谱 254.xml,"致命之剑 5k节奏转谱","Lin-G",非押爆,极限,374,33,0,A - 一轨长条开始、三轨长条开始,A - 一轨长条中间、五轨长条中间,4374134,56 - 0.4
,,致命之剑 5k节奏转谱 254.xml,"致命之剑 5k节奏转谱","Lin-G",押爆,极限,374,33,0,A - 一轨长条开始、三轨长条开始,A - 一轨长条中间、五轨长条中间,4376210,57 - 0.2
,,致命之剑 5k节奏转谱 254.xml,"致命之剑 5k节奏转谱","Lin-G",超极限,极限,374,32,31,A - 一轨长条开始、三轨长条开始,A - 一轨长条中间、五轨长条中间,4376210,57 - 0.2
,,致命之剑 5k节奏转谱 254.xml,"致命之剑 5k节奏转谱","Lin-G",超极限,极限,376,33,1,A - 一轨长条中间、三轨长条中间,A - 一轨长条中间、五轨长条中间,4376210,57 - 0.2
,,神圣之光 5k节奏转谱 310.xml,"神圣之光 5k节奏转谱","7 Sequence",非押爆,极限,531,44,8,A - 二轨长条左滑、五轨长条左滑,A - 三轨单点、五轨单点,5559412,61 + 0.4
,,神圣之光 5k节奏转谱 310.xml,"神圣之光 5k节奏转谱","7 Sequence",押爆,极限,531,44,8,A - 二轨长条左滑、五轨长条左滑,A - 三轨单点、五轨单点,5562874,63 + 0.4
,,神圣之光 5k节奏转谱 310.xml,"神圣之光 5k节奏转谱","7 Sequence",超极限,极限,531,44,7,A - 二轨长条左滑、五轨长条左滑,A - 三轨单点、五轨单点,5563912,64 + 0.0
,,大家好 4k节奏转谱 340_odd.xml,"大家好 4k节奏转谱","Memme",非押爆,极限,1235,128,28,A - 一轨长条中间、四轨长条开始,A - 一二轨滑键、三轨长条右滑,4241764,53 + 0.2
,,大家好 4k节奏转谱 340_odd.xml,"大家好 4k节奏转谱","Memme",押爆,极限,1233,128,24,A - 一轨长条中间,A - 一二轨滑键、三轨长条右滑,4242802,54 - 0.2
,,大家好 4k节奏转谱 340_odd.xml,"大家好 4k节奏转谱","Memme",超极限,极限,1233,128,23,A - 一轨长条中间,A - 一二轨滑键、三轨长条右滑,4243321,54 + 0.1
,,雪愿 5k节奏转谱 280_odd.xml,"雪愿 5k节奏转谱","Wolf.R",非押爆,极限,1721,147,0,A - 二轨长条开始、四轨长条开始,A - 二轨长条中间、五轨长条中间,3316810,53 + 0.4
,,雪愿 5k节奏转谱 280_odd.xml,"雪愿 5k节奏转谱","Wolf.R",押爆,极限,1721,147,0,A - 二轨长条开始、四轨长条开始,A - 二轨长条中间、五轨长条中间,3318886,55 - 0.4
,,雪愿 5k节奏转谱 280_odd.xml,"雪愿 5k节奏转谱","Wolf.R",超极限,极限,1721,146,31,A - 二轨长条开始、四轨长条开始,A - 二轨长条中间、五轨长条中间,3318886,55 - 0.4
,,雪愿 5k节奏转谱 280_odd.xml,"雪愿 5k节奏转谱","Wolf.R",超极限,极限,1723,147,1,A - 二轨长条中间、四轨长条中间,A - 二轨长条中间、五轨长条中间,3318886,55 - 0.4
,,雪愿 5k节奏转谱 280_odd.xml,"雪愿 5k节奏转谱","Wolf.R",超极限,极限,1725,147,3,A - 二轨长条右滑、四轨长条右滑,A - 二轨长条中间、五轨长条中间,3318886,55 - 0.4
,,少女幻葬 4k节奏转谱 246.xml,"少女幻葬 4k节奏转谱","Jun.A",非押爆,极限,406,26,24,A - 一轨单点、三轨长条左滑,A - 二轨长条左滑、三轨单点,5939659,85 + 0.1
,,少女幻葬 4k节奏转谱 246.xml,"少女幻葬 4k节奏转谱","Jun.A",押爆,极限,402,26,20,A - 四轨长条中间,A - 二轨长条左滑、三轨单点,5942947,87 + 0.0
,,少女幻葬 4k节奏转谱 246.xml,"少女幻葬 4k节奏转谱","Jun.A",超极限,极限,402,26,19,A - 四轨长条中间,A - 二轨长条左滑、三轨单点,5943466,87 + 0.3
,,少女幻葬 4k节奏转谱 328_odd.xml,"少女幻葬 4k节奏转谱","Jun.A",非押爆,极限,446,33,20,A - 二轨单点、四轨长条开始,A - 二轨单点、三轨长条右滑,6387757,64 - 0.3
,,少女幻葬 4k节奏转谱 328_odd.xml,"少女幻葬 4k节奏转谱","Jun.A",非押爆,极限,487,35,20,A - 一轨长条开始、四轨单点,A - 二轨长条左滑、三轨单点,6387757,64 - 0.3
,,少女幻葬 4k节奏转谱 328_odd.xml,"少女幻葬 4k节奏转谱","Jun.A",押爆,极限,444,33,16,A - 二轨单点、三轨单点,A - 二轨单点、三轨长条右滑,6391219,66 - 0.3
,,少女幻葬 4k节奏转谱 328_odd.xml,"少女幻葬 4k节奏转谱","Jun.A",押爆,极限,493,36,0,A - 二轨长条右滑、四轨单点,A - 一轨长条右滑、三轨单点,6391219,66 - 0.3
,,少女幻葬 4k节奏转谱 328_odd.xml,"少女幻葬 4k节奏转谱","Jun.A",超极限,极限,493,35,31,A - 二轨长条右滑、四轨单点,A - 一轨长条右滑、三轨单点,6391738,66 + 0.0
,,REANIMATE 5k节奏转谱 348_odd.xml,"REANIMATE 5k节奏转谱","Warak",非押爆,极限,1882,151,20,A - 一轨长条中间、五轨长条左滑,A - 二轨长条右滑、五轨长条中间,5256469,54 - 0.3
,,REANIMATE 5k节奏转谱 348_odd.xml,"REANIMATE 5k节奏转谱","Warak",非押爆,极限,1887,151,24,A - 一轨长条中间、四轨长条左滑,A - 三轨长条左滑、五轨长条中间,5256469,54 - 0.3
,,REANIMATE 5k节奏转谱 348_odd.xml,"REANIMATE 5k节奏转谱","Warak",非押爆,极限,1892,151,28,A - 一轨长条中间、三轨长条右滑,A - 二轨长条左滑、五轨长条结尾,5256469,54 - 0.3
,,REANIMATE 5k节奏转谱 348_odd.xml,"REANIMATE 5k节奏转谱","Warak",押爆,极限,1882,151,20,A - 一轨长条中间、五轨长条左滑,A - 三轨长条左滑、五轨长条中间,5260276,56 - 0.1
,,REANIMATE 5k节奏转谱 348_odd.xml,"REANIMATE 5k节奏转谱","Warak",押爆,极限,1887,151,24,A - 一轨长条中间、四轨长条左滑,A - 二轨长条左滑、五轨长条结尾,5260276,56 - 0.1
,,REANIMATE 5k节奏转谱 348_odd.xml,"REANIMATE 5k节奏转谱","Warak",超极限,极限,1882,151,19,A - 一轨长条中间、五轨长条左滑,A - 三轨长条左滑、五轨长条中间,5261314,57 - 0.5
,,REANIMATE 5k节奏转谱 348_odd.xml,"REANIMATE 5k节奏转谱","Warak",超极限,极限,1887,151,23,A - 一轨长条中间、四轨长条左滑,A - 二轨长条左滑、五轨长条结尾,5261314,57 - 0.5
,,少女绮想曲 4k节奏转谱 320_odd.xml,"少女绮想曲 4k节奏转谱","Jun.A",非押爆,极限,2256,151,28,A - 一轨单点、四轨单点,A - 一轨长条结尾、二轨单点,4767125,58 - 0.1
,,少女绮想曲 4k节奏转谱 320_odd.xml,"少女绮想曲 4k节奏转谱","Jun.A",押爆,极限,2260,152,8,A - 三轨单点、四轨单点,A - 一轨长条结尾、四轨单点,4769720,59 + 0.4
,,少女绮想曲 4k节奏转谱 320_odd.xml,"少女绮想曲 4k节奏转谱","Jun.A",押爆,极限,2263,152,16,A - 一轨长条开始、四轨长条开始,A - 一轨单点、四轨单点,4769720,59 + 0.4
,,少女绮想曲 4k节奏转谱 320_odd.xml,"少女绮想曲 4k节奏转谱","Jun.A",超极限,极限,2260,152,7,A - 三轨单点、四轨单点,A - 一轨长条结尾、四轨单点,4769720,59 + 0.4
,,少女绮想曲 4k节奏转谱 320_odd.xml,"少女绮想曲 4k节奏转谱","Jun.A",超极限,极限,2263,152,15,A - 一轨长条开始、四轨长条开始,A - 一轨单点、四轨单点,4769720,59 + 0.4
,,Take My Hand 4k节奏转谱 309.6.xml,"Take My Hand 4k节奏转谱","Simple Plan",非押爆,极限,1809,137,0,A - 二一轨滑条、三轨单点,A - 四轨长条中间,4547617,53 + 0.4
,,Take My Hand 4k节奏转谱 309.6.xml,"Take My Hand 4k节奏转谱","Simple Plan",押爆,极限,1809,137,0,A - 二一轨滑条、三轨单点,A - 二轨单点、四轨长条中间,4550386,55 + 0.0
,,Take My Hand 4k节奏转谱 309.6.xml,"Take My Hand 4k节奏转谱","Simple Plan",超极限,极限,1809,136,31,A - 二一轨滑条、三轨单点,A - 二轨单点、四轨长条中间,4550386,55 + 0.0
,,神圣之光 4k节奏转谱 310.xml,"神圣之光 4k节奏转谱","7 Sequence",非押爆,极限,2136,181,0,A - 二一轨滑条、四轨长条开始,A - 二轨长条中间、四轨长条中间,5498813,73 + 0.1
,,神圣之光 4k节奏转谱 310.xml,"神圣之光 4k节奏转谱","7 Sequence",押爆,极限,2136,181,0,A - 二一轨滑条、四轨长条开始,A - 二轨长条左滑、四轨长条中间,5502620,75 + 0.3
,,神圣之光 4k节奏转谱 310.xml,"神圣之光 4k节奏转谱","7 Sequence",超极限,极限,2136,180,31,A - 二一轨滑条、四轨长条开始,A - 二轨长条左滑、四轨长条中间,5502620,75 + 0.3
,,雪愿 4k节奏转谱 210.xml,"雪愿 4k节奏转谱","Wolf.R",非押爆,极限,1446,111,15,A - 二轨长条开始、三轨长条开始,A - 一轨长条中间、四轨长条中间,2973572,54 + 0.0
,,雪愿 4k节奏转谱 210.xml,"雪愿 4k节奏转谱","Wolf.R",非押爆,极限,1448,111,17,A - 二轨长条中间、三轨长条中间,A - 一轨长条中间、四轨长条中间,2973572,54 + 0.0
,,雪愿 4k节奏转谱 210.xml,"雪愿 4k节奏转谱","Wolf.R",押爆,极限,1446,111,15,A - 二轨长条开始、三轨长条开始,A - 一轨长条中间、四轨长条中间,2975648,55 + 0.2
,,雪愿 4k节奏转谱 210.xml,"雪愿 4k节奏转谱","Wolf.R",押爆,极限,1448,111,17,A - 二轨长条中间、三轨长条中间,A - 一轨长条中间、四轨长条中间,2975648,55 + 0.2
,,雪愿 4k节奏转谱 210.xml,"雪愿 4k节奏转谱","Wolf.R",超极限,极限,1446,111,16,A - 二轨长条开始、三轨长条开始,A - 一轨长条中间、四轨长条中间,2976686,56 - 0.2
,,雪愿 4k节奏转谱 210.xml,"雪愿 4k节奏转谱","Wolf.R",超极限,极限,1448,111,18,A - 二轨长条中间、三轨长条中间,A - 一轨长条中间、四轨长条中间,2976686,56 - 0.2
,,Toy War 5k节奏转谱 320.xml,"Toy War 5k节奏转谱","M2U",非押爆,极限,855,99,28,A - 四轨单点,A - 一轨长条结尾、五轨长条结尾,3738612,59 + 0.0
,,Toy War 5k节奏转谱 320.xml,"Toy War 5k节奏转谱","M2U",押爆,极限,854,99,24,A - 五轨单点,A - 一轨长条结尾、五轨长条结尾,3740343,60 + 0.0
,,Toy War 5k节奏转谱 320.xml,"Toy War 5k节奏转谱","M2U",超极限,极限,854,99,23,A - 五轨单点,A - 一轨长条结尾、五轨长条结尾,3740343,60 + 0.0
,,野蜂飞舞 4k节奏转谱 320.xml,"野蜂飞舞 4k节奏转谱","马克西姆",非押爆,极限,1160,118,20,A - 一轨长条右滑,A - 三轨长条右滑,4224866,52 - 0.3
,,野蜂飞舞 4k节奏转谱 320.xml,"野蜂飞舞 4k节奏转谱","马克西姆",押爆,极限,1158,118,16,A - 一轨长条开始,A - 三轨长条右滑,4226423,53 - 0.4
,,野蜂飞舞 4k节奏转谱 320.xml,"野蜂飞舞 4k节奏转谱","马克西姆",超极限,极限,1158,118,15,A - 一轨长条开始,A - 三轨长条右滑,4226423,53 - 0.4
,,雪愿 4k节奏转谱 280_odd.xml,"雪愿 4k节奏转谱","Wolf.R",非押爆,极限,1641,147,0,A - 二轨长条开始、三轨长条开始,A - 一轨长条中间、四轨长条中间,3228920,53 + 0.4
,,雪愿 4k节奏转谱 280_odd.xml,"雪愿 4k节奏转谱","Wolf.R",押爆,极限,1641,147,0,A - 二轨长条开始、三轨长条开始,A - 一轨长条中间、四轨长条中间,3230996,55 - 0.4
,,雪愿 4k节奏转谱 280_odd.xml,"雪愿 4k节奏转谱","Wolf.R",超极限,极限,1641,146,31,A - 二轨长条开始、三轨长条开始,A - 一轨长条中间、四轨长条中间,3230996,55 - 0.4
,,雪愿 4k节奏转谱 280_odd.xml,"雪愿 4k节奏转谱","Wolf.R",超极限,极限,1643,147,1,A - 二轨长条中间、三轨长条中间,A - 一轨长条中间、四轨长条中间,3230996,55 - 0.4
,,雪愿 4k节奏转谱 280_odd.xml,"雪愿 4k节奏转谱","Wolf.R",超极限,极限,1645,147,3,A - 二轨长条左滑、三轨长条右滑,A - 一轨长条中间、四轨长条中间,3230996,55 - 0.4
,,雪愿2 4k节奏转谱 260_odd.xml,"雪愿2 4k节奏转谱","Wolf.R",非押爆,极限,651,67,28,A - 二轨长条开始、四轨单点,A - 二轨单点,2359958,42 + 0.1
,,雪愿2 4k节奏转谱 260_odd.xml,"雪愿2 4k节奏转谱","Wolf.R",押爆,极限,651,67,28,A - 二轨长条开始、四轨单点,A - 四轨单点,2361689,43 + 0.1
,,雪愿2 4k节奏转谱 260_odd.xml,"雪愿2 4k节奏转谱","Wolf.R",超极限,极限,651,67,27,A - 二轨长条开始、四轨单点,A - 四轨单点,2361689,43 + 0.1
,,君往何处 4k节奏转谱 320_odd.xml,"君往何处 4k节奏转谱","M2U",非押爆,极限,1464,152,20,A - 四轨长条左滑,A - 一轨长条右滑、四轨长条左滑,4249546,57 - 0.2
,,君往何处 4k节奏转谱 320_odd.xml,"君往何处 4k节奏转谱","M2U",押爆,极限,1461,152,16,A - 一轨单点、四轨长条开始,A - 一轨长条右滑、四轨长条左滑,4252834,59 - 0.3
,,君往何处 4k节奏转谱 320_odd.xml,"君往何处 4k节奏转谱","M2U",超极限,极限,1461,152,15,A - 一轨单点、四轨长条开始,A - 一轨长条右滑、四轨长条左滑,4252834,59 - 0.3
,,大家好 5k节奏转谱 340_odd.xml,"大家好 5k节奏转谱","Memme",非押爆,极限,1233,128,28,A - 一轨长条中间、四轨长条开始,A - 一轨单点、三轨长条右滑,4229478,51 - 0.5
,,大家好 5k节奏转谱 340_odd.xml,"大家好 5k节奏转谱","Memme",押爆,极限,1231,128,24,A - 一轨长条开始,A - 一轨单点、三轨长条右滑,4231035,51 + 0.4
,,大家好 5k节奏转谱 340_odd.xml,"大家好 5k节奏转谱","Memme",超极限,极限,1231,128,23,A - 一轨长条开始,A - 一轨单点、三轨长条右滑,4231035,51 + 0.4
,,桃源郷的外星人 5k节奏转谱 340_odd.xml,"桃源郷的外星人 5k节奏转谱","serial TV drama",非押爆,极限,459,34,10,A - 二轨单点、四轨长条开始,A - 一轨长条中间,4437307,59 - 0.2
,,桃源郷的外星人 5k节奏转谱 340_odd.xml,"桃源郷的外星人 5k节奏转谱","serial TV drama",押爆,极限,463,34,16,A - 四轨长条右滑,A - 一轨长条右滑、四五轨滑键,4439557,60 + 0.1
,,桃源郷的外星人 5k节奏转谱 340_odd.xml,"桃源郷的外星人 5k节奏转谱","serial TV drama",超极限,极限,463,34,15,A - 四轨长条右滑,A - 一轨长条右滑、四五轨滑键,4440076,60 + 0.4
,,魔理沙胡了个不得了的役满 5k节奏转谱 340_odd.xml,"魔理沙胡了个不得了的役满 5k节奏转谱","IOSYS",非押爆,爆气,3892,296,4,A - 一轨单点、三轨单点、五轨单点,A - 一轨长条开始、五四轨滑键,11892262,475 + 0.3
,,魔理沙胡了个不得了的役满 5k节奏转谱 340_odd.xml,"魔理沙胡了个不得了的役满 5k节奏转谱","IOSYS",押爆,爆气,3890,296,0,A - 二轨单点、四轨单点,A - 一轨长条开始、五四轨滑键,11902870,477 + 0.3
,,魔理沙胡了个不得了的役满 5k节奏转谱 340_odd.xml,"魔理沙胡了个不得了的役满 5k节奏转谱","IOSYS",超极限,爆气,3890,295,31,A - 一轨单点（cool）、三轨单点（cool）、五轨单点（cool）、二轨单点、四轨单点,A - 一轨长条开始、五四轨滑键,11903230,480 + 0.3
,,魔理沙胡了个不得了的役满 5k节奏转谱 340_odd.xml,"魔理沙胡了个不得了的役满 5k节奏转谱","IOSYS",超极限,爆气,3890,296,0,A - 一轨单点（cool）、三轨单点（cool）、五轨单点（cool）、二轨单点、四轨单点,A - 一轨长条开始、五四轨滑键,11903230,480 + 0.3
,,Through The Fire And Flames 4k节奏转谱 200_odd.xml,"Through The Fire And Flames 4k节奏转谱","Dragonforce",非押爆,极限,6875,313,12,A - 一轨单点、二轨单点、四三轨滑键,A - 一轨单点、二轨单点,16705053,152 - 0.2
,,Through The Fire And Flames 4k节奏转谱 200_odd.xml,"Through The Fire And Flames 4k节奏转谱","Dragonforce",押爆,极限,6875,313,12,A - 一轨单点、二轨单点、四三轨滑键,A - 二轨单点、三轨单点,16708515,154 - 0.2
,,Through The Fire And Flames 4k节奏转谱 200_odd.xml,"Through The Fire And Flames 4k节奏转谱","Dragonforce",超极限,极限,6875,313,11,A - 一轨单点、二轨单点、四三轨滑键,A - 二轨单点、三轨单点,16708515,154 - 0.2
,,野蜂飞舞 5k节奏转谱 320.xml,"野蜂飞舞 5k节奏转谱","马克西姆",非押爆,极限,148,20,16,A - 五轨长条开始,A - 三轨长条左滑,4197205,46 - 0.5
,,野蜂飞舞 5k节奏转谱 320.xml,"野蜂飞舞 5k节奏转谱","马克西姆",非押爆,极限,158,21,0,A - 一轨单点,A - 三轨长条右滑,4197205,46 - 0.5
,,野蜂飞舞 5k节奏转谱 320.xml,"野蜂飞舞 5k节奏转谱","马克西姆",非押爆,极限,159,21,4,A - 三轨单点,A - 一轨单点,4197205,46 - 0.5
,,野蜂飞舞 5k节奏转谱 320.xml,"野蜂飞舞 5k节奏转谱","马克西姆",非押爆,极限,160,21,8,A - 二轨单点,A - 三轨单点,4197205,46 - 0.5
,,野蜂飞舞 5k节奏转谱 320.xml,"野蜂飞舞 5k节奏转谱","马克西姆",非押爆,极限,161,21,12,A - 四轨单点,A - 二轨单点,4197205,46 - 0.5
,,野蜂飞舞 5k节奏转谱 320.xml,"野蜂飞舞 5k节奏转谱","马克西姆",非押爆,极限,162,21,16,A - 三轨单点,A - 四轨单点,4197205,46 - 0.5
,,野蜂飞舞 5k节奏转谱 320.xml,"野蜂飞舞 5k节奏转谱","马克西姆",非押爆,极限,163,21,20,A - 五轨单点,A - 三轨单点,4197205,46 - 0.5
,,野蜂飞舞 5k节奏转谱 320.xml,"野蜂飞舞 5k节奏转谱","马克西姆",非押爆,极限,164,21,24,A - 二轨单点,A - 五轨单点,4197205,46 - 0.5
,,野蜂飞舞 5k节奏转谱 320.xml,"野蜂飞舞 5k节奏转谱","马克西姆",非押爆,极限,165,21,28,A - 四轨单点,A - 二轨单点,4197205,46 - 0.5
,,野蜂飞舞 5k节奏转谱 320.xml,"野蜂飞舞 5k节奏转谱","马克西姆",非押爆,极限,166,22,0,A - 一轨单点,A - 四轨单点,4197205,46 - 0.5
,,野蜂飞舞 5k节奏转谱 320.xml,"野蜂飞舞 5k节奏转谱","马克西姆",押爆,极限,147,20,12,A - 二轨单点,A - 三轨长条左滑,4198936,47 - 0.5
,,野蜂飞舞 5k节奏转谱 320.xml,"野蜂飞舞 5k节奏转谱","马克西姆",押爆,极限,150,20,20,A - 五轨长条左滑,A - 一轨长条右滑,4198936,47 - 0.5
,,野蜂飞舞 5k节奏转谱 320.xml,"野蜂飞舞 5k节奏转谱","马克西姆",押爆,极限,153,20,24,A - 四轨长条左滑,A - 二轨长条右滑,4198936,47 - 0.5
,,野蜂飞舞 5k节奏转谱 320.xml,"野蜂飞舞 5k节奏转谱","马克西姆",押爆,极限,156,20,28,A - 三轨长条左滑,A - 三轨长条右滑,4198936,47 - 0.5
,,野蜂飞舞 5k节奏转谱 320.xml,"野蜂飞舞 5k节奏转谱","马克西姆",押爆,极限,158,21,0,A - 一轨单点,A - 一轨单点,4198936,47 - 0.5
,,野蜂飞舞 5k节奏转谱 320.xml,"野蜂飞舞 5k节奏转谱","马克西姆",押爆,极限,159,21,4,A - 三轨单点,A - 三轨单点,4198936,47 - 0.5
,,野蜂飞舞 5k节奏转谱 320.xml,"野蜂飞舞 5k节奏转谱","马克西姆",押爆,极限,160,21,8,A - 二轨单点,A - 二轨单点,4198936,47 - 0.5
,,野蜂飞舞 5k节奏转谱 320.xml,"野蜂飞舞 5k节奏转谱","马克西姆",押爆,极限,161,21,12,A - 四轨单点,A - 四轨单点,4198936,47 - 0.5
,,野蜂飞舞 5k节奏转谱 320.xml,"野蜂飞舞 5k节奏转谱","马克西姆",押爆,极限,162,21,16,A - 三轨单点,A - 三轨单点,4198936,47 - 0.5
,,野蜂飞舞 5k节奏转谱 320.xml,"野蜂飞舞 5k节奏转谱","马克西姆",押爆,极限,163,21,20,A - 五轨单点,A - 五轨单点,4198936,47 - 0.5
,,野蜂飞舞 5k节奏转谱 320.xml,"野蜂飞舞 5k节奏转谱","马克西姆",超极限,极限,150,20,19,A - 五轨长条左滑,A - 一轨长条右滑,4199455,47 - 0.2
,,野蜂飞舞 5k节奏转谱 320.xml,"野蜂飞舞 5k节奏转谱","马克西姆",超极限,极限,153,20,23,A - 四轨长条左滑,A - 二轨长条右滑,4199455,47 - 0.2
,,野蜂飞舞 5k节奏转谱 320.xml,"野蜂飞舞 5k节奏转谱","马克西姆",超极限,极限,156,20,27,A - 三轨长条左滑,A - 三轨长条右滑,4199455,47 - 0.2
,,野蜂飞舞 5k节奏转谱 320.xml,"野蜂飞舞 5k节奏转谱","马克西姆",超极限,极限,712,72,19,A - 五轨长条左滑,A - 一轨长条右滑,4199455,47 - 0.2
,,野蜂飞舞 5k节奏转谱 320.xml,"野蜂飞舞 5k节奏转谱","马克西姆",超极限,极限,715,72,23,A - 四轨长条左滑,A - 二轨长条右滑,4199455,47 - 0.2
,,野蜂飞舞 5k节奏转谱 320.xml,"野蜂飞舞 5k节奏转谱","马克西姆",超极限,极限,718,72,27,A - 三轨长条左滑,A - 三轨长条右滑,4199455,47 - 0.2
,,野蜂飞舞 5k节奏转谱 320.xml,"野蜂飞舞 5k节奏转谱","马克西姆",超极限,极限,1274,124,19,A - 五轨长条左滑,A - 一轨长条右滑,4199455,47 - 0.2
,,野蜂飞舞 5k节奏转谱 320.xml,"野蜂飞舞 5k节奏转谱","马克西姆",超极限,极限,1277,124,23,A - 四轨长条左滑,A - 二轨长条右滑,4199455,47 - 0.2
,,野蜂飞舞 5k节奏转谱 320.xml,"野蜂飞舞 5k节奏转谱","马克西姆",超极限,极限,1280,124,27,A - 三轨长条左滑,A - 三轨长条右滑,4199455,47 - 0.2
,,野蜂飞舞 5k节奏转谱 320.xml,"野蜂飞舞 5k节奏转谱","马克西姆",超极限,极限,1296,126,19,A - 一轨长条右滑,A - 一轨单点,4199455,47 - 0.2
,,致命之剑 4k节奏转谱 254.xml,"致命之剑 4k节奏转谱","Lin-G",非押爆,极限,376,33,0,A - 一轨长条开始、三轨长条开始,A - 一轨长条中间、四轨长条中间,4433300,56 - 0.4
,,致命之剑 4k节奏转谱 254.xml,"致命之剑 4k节奏转谱","Lin-G",押爆,极限,376,33,0,A - 一轨长条开始、三轨长条开始,A - 一轨长条中间、四轨长条中间,4435376,57 - 0.2
,,致命之剑 4k节奏转谱 254.xml,"致命之剑 4k节奏转谱","Lin-G",超极限,极限,376,32,31,A - 一轨长条开始、三轨长条开始,A - 一轨长条中间、四轨长条中间,4435376,57 - 0.2
,,致命之剑 4k节奏转谱 254.xml,"致命之剑 4k节奏转谱","Lin-G",超极限,极限,378,33,1,A - 一轨长条中间、三轨长条中间,A - 一轨长条中间、四轨长条中间,4435376,57 - 0.2
,,少女绮想曲 5k节奏转谱 240.xml,"少女绮想曲 5k节奏转谱","Jun.A",非押爆,极限,1918,112,14,A - 一轨单点、三轨单点,A - 三轨单点、五轨单点,4447880,74 - 0.2
,,少女绮想曲 5k节奏转谱 240.xml,"少女绮想曲 5k节奏转谱","Jun.A",非押爆,极限,1946,113,30,A - 四轨单点、五轨长条开始,A - 一轨长条结尾、三轨单点,4447880,74 - 0.2
,,少女绮想曲 5k节奏转谱 240.xml,"少女绮想曲 5k节奏转谱","Jun.A",非押爆,极限,1954,114,10,A - 四轨单点、五轨单点,A - 一轨长条结尾、三轨单点,4447880,74 - 0.2
,,少女绮想曲 5k节奏转谱 240.xml,"少女绮想曲 5k节奏转谱","Jun.A",非押爆,极限,1957,114,16,A - 三轨单点、五轨长条开始,A - 一轨单点、二轨单点,4447880,74 - 0.2
,,少女绮想曲 5k节奏转谱 240.xml,"少女绮想曲 5k节奏转谱","Jun.A",非押爆,极限,1973,115,14,A - 三轨单点、五轨单点,A - 三轨单点、五轨单点,4447880,74 - 0.2
,,少女绮想曲 5k节奏转谱 240.xml,"少女绮想曲 5k节奏转谱","Jun.A",押爆,极限,1994,116,5,A - 三轨长条中间,A - 一轨单点、三轨单点,4450307,75 + 0.2
,,少女绮想曲 5k节奏转谱 240.xml,"少女绮想曲 5k节奏转谱","Jun.A",超极限,极限,1993,116,4,A - 一轨长条中间,A - 一轨单点、三轨单点,4451345,76 - 0.2
,,雪愿2 5k节奏转谱 195.xml,"雪愿2 5k节奏转谱","Wolf.R",非押爆,极限,556,52,5,A - 二轨长条开始、五轨单点,A - 三轨单点,2260496,54 + 0.2
,,雪愿2 5k节奏转谱 195.xml,"雪愿2 5k节奏转谱","Wolf.R",押爆,极限,564,52,16,A - 二轨长条中间、四五轨滑条,A - 三轨单点,2262575,55 + 0.4
,,雪愿2 5k节奏转谱 195.xml,"雪愿2 5k节奏转谱","Wolf.R",超极限,极限,563,52,15,A - 二轨长条中间,A - 三轨单点,2263094,56 - 0.3
,,Through The Fire And Flames 4k节奏转谱 300.xml,"Through The Fire And Flames 4k节奏转谱","Dragonforce",非押爆,极限,8698,468,16,A - 一轨长条开始、三轨单点、四轨长条开始,A - 一轨长条中间、三轨单点、四轨长条中间,18631385,126 + 0.4
,,Through The Fire And Flames 4k节奏转谱 300.xml,"Through The Fire And Flames 4k节奏转谱","Dragonforce",押爆,极限,8698,468,16,A - 一轨长条开始、三轨单点、四轨长条开始,A - 一轨长条中间、三轨单点、四轨长条中间,18636923,130 - 0.4
,,Through The Fire And Flames 4k节奏转谱 300.xml,"Through The Fire And Flames 4k节奏转谱","Dragonforce",超极限,极限,8698,468,15,A - 一轨长条开始、三轨单点、四轨长条开始,A - 一轨长条中间、三轨单点、四轨长条中间,18636923,130 - 0.4
,,Through The Fire And Flames 4k节奏转谱 300.xml,"Through The Fire And Flames 4k节奏转谱","Dragonforce",超极限,极限,8701,468,17,A - 一轨长条中间、二轨单点、四轨长条中间,A - 一轨长条中间、二轨单点、四轨长条中间,18636923,130 - 0.4
,,Through The Fire And Flames 4k节奏转谱 300.xml,"Through The Fire And Flames 4k节奏转谱","Dragonforce",超极限,极限,8704,468,19,A - 一轨长条中间、三轨单点、四轨长条中间,A - 一轨长条中间、三轨单点、四轨长条中间,18636923,130 - 0.4
,,Through The Fire And Flames 4k节奏转谱 300.xml,"Through The Fire And Flames 4k节奏转谱","Dragonforce",超极限,极限,8707,468,21,A - 一轨长条中间、二轨单点、四轨长条中间,A - 一轨长条中间、二轨单点、四轨长条中间,18636923,130 - 0.4
,,Through The Fire And Flames 4k节奏转谱 300.xml,"Through The Fire And Flames 4k节奏转谱","Dragonforce",超极限,极限,8710,468,23,A - 一轨长条中间、三轨单点、四轨长条中间,A - 一轨长条中间、三轨单点、四轨长条中间,18636923,130 - 0.4
,,Through The Fire And Flames 4k节奏转谱 300.xml,"Through The Fire And Flames 4k节奏转谱","Dragonforce",超极限,极限,8713,468,25,A - 一轨长条中间、二轨单点、四轨长条中间,A - 一轨长条中间、二轨单点、四轨长条中间,18636923,130 - 0.4
,,Through The Fire And Flames 4k节奏转谱 300.xml,"Through The Fire And Flames 4k节奏转谱","Dragonforce",超极限,极限,8716,468,27,A - 一轨长条中间、三轨单点、四轨长条中间,A - 一轨长条中间、三轨单点、四轨长条中间,18636923,130 - 0.4
,,Through The Fire And Flames 4k节奏转谱 300.xml,"Through The Fire And Flames 4k节奏转谱","Dragonforce",超极限,极限,8719,468,29,A - 一轨长条中间、二轨单点、四轨长条中间,A - 一轨长条中间、二轨单点、四轨长条中间,18636923,130 - 0.4
,,Through The Fire And Flames 4k节奏转谱 300.xml,"Through The Fire And Flames 4k节奏转谱","Dragonforce",超极限,极限,8722,468,31,A - 一轨长条中间、三轨单点、四轨长条中间,A - 一轨长条中间、三轨单点、四轨长条中间,18636923,130 - 0.4
,,Through The Fire And Flames 4k节奏转谱 300.xml,"Through The Fire And Flames 4k节奏转谱","Dragonforce",超极限,极限,8725,469,1,A - 一轨长条中间、二轨单点、四轨长条中间,A - 一轨长条中间、二轨单点、四轨长条中间,18636923,130 - 0.4
,,少女绮想曲 5k节奏转谱 320_odd.xml,"少女绮想曲 5k节奏转谱","Jun.A",非押爆,极限,2303,151,28,A - 二轨单点、五轨单点,A - 一轨长条结尾、三轨单点,4826300,58 - 0.1
,,少女绮想曲 5k节奏转谱 320_odd.xml,"少女绮想曲 5k节奏转谱","Jun.A",押爆,极限,2307,152,8,A - 三轨单点、五轨单点,A - 一轨长条结尾、三轨单点,4828895,59 + 0.4
,,少女绮想曲 5k节奏转谱 320_odd.xml,"少女绮想曲 5k节奏转谱","Jun.A",押爆,极限,2310,152,16,A - 一轨长条开始、五轨长条开始,A - 一轨单点、二轨单点,4828895,59 + 0.4
,,少女绮想曲 5k节奏转谱 320_odd.xml,"少女绮想曲 5k节奏转谱","Jun.A",超极限,极限,2307,152,7,A - 三轨单点、五轨单点,A - 一轨长条结尾、三轨单点,4828895,59 + 0.4
,,少女绮想曲 5k节奏转谱 320_odd.xml,"少女绮想曲 5k节奏转谱","Jun.A",超极限,极限,2310,152,15,A - 一轨长条开始、五轨长条开始,A - 一轨单点、二轨单点,4828895,59 + 0.4
,,雪愿2 5k节奏转谱 260_odd.xml,"雪愿2 5k节奏转谱","Wolf.R",非押爆,极限,651,67,28,A - 二轨长条开始、五轨单点,A - 二轨单点,2359958,42 + 0.1
,,雪愿2 5k节奏转谱 260_odd.xml,"雪愿2 5k节奏转谱","Wolf.R",押爆,极限,651,67,28,A - 二轨长条开始、五轨单点,A - 五轨单点,2361689,43 + 0.1
,,雪愿2 5k节奏转谱 260_odd.xml,"雪愿2 5k节奏转谱","Wolf.R",超极限,极限,651,67,27,A - 二轨长条开始、五轨单点,A - 五轨单点,2361689,43 + 0.1