字母,等级,歌名,歌手,突变,技能,类型,双排爆点,开头描述,结尾描述,半cb,全cb,双指数,单排爆点,开头描述,结尾描述,半cb,全cb,分数,单指数
,,"Always Online","林俊杰",,红色,分开,197 + 466,A - 右边单点^^^B - 右下单点,A - 右边单点^^^B - 左下单点,348,618,61 + 0.3,466,B - 右下单点,B - 左下单点,348,618,1113414,32 - 0.1
,,"帝都","萌萌哒天团",,红色,分开,287 + 405,B - 左边单点^^^B - 中间单点,B - 左下单点、右下单点^^^B - 右边单点,189,514,63 + 0.4,287,B - 左边单点,B - 左下单点、右下单点,189,514,986829,34 + 0.1
,,"猫步轻俏","AOA",,红色,分开,207 + 400,A - 左边单点^^^B - 左边单点,A - 右边左滑条中间^^^B - 左边滑点、右边滑点,263,441,68 + 0.2,207,A - 左边单点,A - 右边左滑条中间,263,441,1019977,34 + 0.3
Q,7,"七年的爱","金贤政",,红色,分开,349 + 447,B - 左下单点、右下单点^^^B - 左边长条中间、右边单点,B - 右边单点^^^B - 左边滑点、右边滑点,234,666,84 + 0.4,447,B - 左边长条中间、右边单点,B - 左边滑点、右边滑点,234,666,1393914,43 + 0.4
B,6,"Bad Girl","吴亦凡",,,分开,167 + 499、187 + 499,A - 右下滑点^^^B - 右下滑点,A - 左下单点、右边单点^^^B - 左边长条中间、右边长条中间,301,734,61 + 0.4,499,B - 右下滑点,B - 左边长条中间、右边长条中间,301,734,1390819,33 - 0.4
W,6,"王妃","萧敬腾",,红色,存气,265 + 606、271 + 599,A - 右边单点^^^B - 右边长条中间,A - 左下单点、右下单点^^^B - 左边长条结尾、右边长条结尾,295,766,74 + 0.3,631,B - 右下右滑条中间,B - 左边长条结尾、右边长条结尾,295,766,1333984,41 - 0.2
,,"小酒窝","林俊杰",,红色,分开,123 + 348,A - 左边单点^^^B - 右边单点,A - 右下单点^^^B - 左下单点,293,538,61 + 0.0,123、348,A - 左边单点,A - 右下单点,293,538,1011518,31 - 0.5
,,"Boom Clap","Charli XCX",,红色,分开,339 + 395、339 + 396、339 + 397,B - 左边单点^^^B - 右边单点,B - 左边单点、右边单点^^^B - 左边单点,183,443,75 + 0.4,339,B - 左边单点,B - 左边单点、右边单点,183,443,1087676,39 - 0.2
,,"Jar Of Love","曲婉婷",,,分开,82 + 163,A - 右下右滑条结尾、左下单点^^^A - 右边长条中间,A - 左下单点、右下单点^^^A - 左边单点,303,719,68 - 0.4,163,A - 右边长条中间,A - 左边单点,303,719,1362898,35 - 0.2
,,"动物森林","范玮琪",,红色,分开,123 + 326,A - 右边单点^^^B - 左边单点,A - 左边右滑条中间^^^B - 左下单点,180,388,50 - 0.2,326,B - 左边单点,B - 左下单点,180,388,814852,25 - 0.1
G,6,"Good Time","Owl City",,红色,分开,158 + 344,A - 左下单点^^^B - 右边滑点,A - 右边滑点^^^B - 左边单点,278,548,63 + 0.3,158,A - 左下单点,A - 右边滑点,278,548,1128917,32 - 0.1
,,"背对背拥抱","林俊杰",,红色,分开,247 + 514,A - 左下单点^^^B - 左边滑点,A - 右下单点^^^B - 中间单点,395,684,66 + 0.3,247,A - 左下单点,A - 右下单点,395,684,1192502,34 - 0.4
L,7,"Landing","温岚",,,分开,175 + 532、176 + 532、177 + 532,A - 左边单点^^^B - 右边单点,A - 右边单点^^^B - 左边单点,337,657,74 - 0.5,175、176、177,A - 左边单点,A - 右边单点,337,657,1411770,37 + 0.0
,,"Try Everything","Shakira",,红色,分开,196 + 399,A - 右边长条开始^^^B - 右边左滑条中间,A - 左边单点^^^B - 右下单点,306,643,57 + 0.4,399,B - 右边左滑条中间,B - 右下单点,306,643,1126223,30 + 0.2
F,8,"Firefly","Abba Teens",,,分开,98 + 451,A - 左下单点、右下单点^^^B - 左下滑点,A - 左边长条中间、右边左滑条中间^^^B - 左边单点,451,817,62 - 0.1,451,B - 左下滑点,B - 左边单点,451,817,1313077,31 + 0.3
X,6,"幸福的节拍","杨丞琳",,,分开,202 + 667,A - 左下单点^^^B - 左边单点、右边单点,A - 右下滑点^^^B - 左下左滑条中间、右下右滑条中间,379,772,67 - 0.2,667,B - 左边单点、右边单点,B - 左下左滑条中间、右下右滑条中间,379,772,1315049,34 + 0.3
R,6,"Rage Your Dream","M.O.V.E",,,分开,52 + 654,A - 左边单点^^^B - 左边左滑条中间,A - 左下单点^^^B - 左边单点、右边单点,503,841,74 - 0.2,654,B - 左边左滑条中间,B - 左边单点、右边单点,503,841,1526094,36 + 0.4
,,"Trouble Is a Friend","Lenka",,红色,分开,161 + 524,A - 左边长条开始^^^B - 右下单点,A - 右边滑点^^^B - 左下单点、右下单点,329,722,58 + 0.4,524,B - 右下单点,B - 左下单点、右下单点,329,722,1108860,31 - 0.3
B,6,"BONAMANA","Super Junior",,红色,分开,417 + 518、418 + 518,B - 右下右滑条结尾^^^B - 右边单点,B - 右边单点^^^B - 左边长条结尾,243,633,90 + 0.2,417、418,B - 右下右滑条结尾,B - 右边单点,243,633,1590991,47 - 0.2
,,"桃花旗袍","BY2",,红色,分开,201 + 541,A - 左下左滑条中间^^^B - 左下单点、右下单点,A - 左边长条结尾、右边长条结尾^^^B - 左边长条中间、右边长条中间,294,642,73 + 0.4,201,A - 左下左滑条中间,A - 左边长条结尾、右边长条结尾,294,642,1126065,39 + 0.1
,,"棉花糖","至上励合",,红色,存气,155 + 250,A - 右下单点^^^B - 左边单点、右边单点,A - 左边单点、右边单点^^^B - 右边长条结尾、左边单点,172,386,53 - 0.5,267,B - 左边滑点,B - 右边单点,172,386,698572,26 - 0.4
Y,7,"YESTERDAY","Block B",,,分开,98 + 531,A - 左下单点^^^B - 右边右滑条开始,A - 左下单点^^^B - 左边左滑条结尾、右边左滑条结尾,352,751,60 + 0.3,98,A - 左下单点,A - 左下单点,352,751,1469808,30 + 0.3
M,6,"Maps","Maroon 5",,,分开,178 + 403、212 + 403,A - 左边单点^^^B - 右边单点,A - 左边单点^^^B - 右下单点,273,600,67 + 0.0,178、212,A - 左边单点,A - 左边单点,273,600,1307962,34 + 0.0
B,7,"Baby Boy","王心凌",,,分开,154 + 691、508 + 691,A - 左下单点、右下单点^^^B - 左下单点,A - 左下单点、右边单点^^^B - 右边单点,406,930,70 - 0.3,691,B - 左下单点,B - 右边单点,406,930,1885588,36 + 0.1
J,8,"禁绝边境线","Walküre",,,存气,412 + 607、413 + 606、413 + 600,A - 左边长条中间^^^B - 右边长条中间、左边单点,A - 左边单点、右边单点^^^B - 右下右滑条结尾、左边单点,428,963,73 + 0.3,634,B - 左边单点,B - 左边单点、右边单点,428,963,1776120,37 - 0.4
,,"直到世界终结 ","WANDS",,红色,分开,330 + 469,B - 右边单点^^^B - 左边单点,B - 左边单点^^^B - 右下左滑条结尾、右边左滑条结尾,190,539,63 + 0.1,469,B - 左边单点,B - 右下左滑条结尾、右边左滑条结尾,190,539,904914,34 - 0.4
,,"一笑倾城","汪苏泷",,红色,分开,136 + 432、136 + 433、136 + 432、136 + 433、136 + 432、136 + 433、136 + 432、136 + 433、136 + 432、136 + 433,A - 右边单点^^^B - 右下单点,A - 右边单点^^^B - 左边单点,259,554,61 + 0.3,432、433,B - 右下单点,B - 左边单点,259,554,1164216,32 - 0.4
B,6,"Born This Way","Lady Gaga",,红色,分开,152 + 262、153 + 262、154 + 262、156 + 262、158 + 262、161 + 262、164 + 262、262 + 506、262 + 508、262 + 509,A - 左下单点^^^A - 左下单点、右下单点,A - 左下单点^^^A - 左下左滑条中间、右下右滑条中间,350,734,78 - 0.3,262,A - 左下单点、右下单点,A - 左下左滑条中间、右下右滑条中间,350,734,1516927,41 - 0.4
,,"FIVE","Apink",,红色,分开,247 + 450,A - 左边滑点^^^B - 左边滑点,A - 右下右滑条开始^^^B - 右下右滑条开始,323,554,61 - 0.1,450,B - 左边滑点,B - 右下右滑条开始,323,554,1100788,31 - 0.4
W,6,"What Makes You Beautiful","One Direction",,红色,分开,79 + 317,A - 右下长条开始^^^B - 左下滑点,A - 右边单点^^^B - 左边单点,237,567,64 + 0.2,317,B - 左下滑点,B - 左边单点,237,567,1167824,32 + 0.3
,,"Right Now","rihanna",,,分开,85 + 336、85 + 337、85 + 336、85 + 337、85 + 336、85 + 337,A - 左边单点、右下单点^^^A - 左下长条结尾,A - 右边滑点^^^A - 右下单点,481,833,60 + 0.4,336、337,A - 左下长条结尾,A - 右下单点,481,833,1456853,31 - 0.2
,,"黑暗骑士","林俊杰/五月天",,红色,分开,208 + 561、209 + 561,A - 左下单点^^^B - 右下滑点,A - 左下单点^^^B - 右边长条结尾、左边单点,326,629,65 - 0.3,208、209,A - 左下单点,A - 左下单点,326,629,1212697,33 - 0.4
J,8,"JELLY JELLY","TWICE",,,分开,323 + 572,A - 左下单点^^^B - 左边长条开始、右边滑点,A - 左下单点、右边单点^^^B - 右下单点,493,944,85 + 0.4,572,B - 左边长条开始、右边滑点,B - 右下单点,493,944,1983475,48 - 0.5
,,"怎样说清此刻的心情","BY2",,红色,分开,202 + 464,A - 左下单点、右下单点^^^B - 左边单点、右边长条开始,A - 右边长条开始^^^B - 左下左滑条中间、右下右滑条中间,329,575,64 - 0.3,202,A - 左下单点、右下单点,A - 右边长条开始,329,575,1041696,32 + 0.3
B,6,"Bo Peep Bo Peep","T-ara",,,分开,114 + 520,A - 右下单点^^^B - 左下滑点,A - 右下单点^^^B - 右边滑点,362,743,67 + 0.4,520,B - 左下滑点,B - 右边滑点,362,743,1369353,34 - 0.1
H,8,"Hacking to the Gate","伊藤加奈子",,,分开,858 + 937,B - 左边长条中间、右边单点^^^B - 右下右滑条中间,B - 右边单点^^^B - 左下单点、右下单点,589,1077,68 + 0.3,858,B - 左边长条中间、右边单点,B - 右边单点,589,1077,1907961,34 + 0.3
N,6,"Numb","Linkin Park",,红色,分开,181 + 457、181 + 463、181 + 465、181 + 457、181 + 463、181 + 465、181 + 457、181 + 463、181 + 465,A - 左边单点、右下单点^^^B - 左边单点、右边单点,A - 左边滑点^^^B - 右下单点,251,582,75 + 0.0,457、463、465,B - 左边单点、右边单点,B - 右下单点,251,582,1140641,38 + 0.3
,,"专属味道","汪苏泷/林希儿",,,分开,671 + 748,B - 右下右滑条中间^^^B - 右下单点,B - 右边单点^^^B - 右下滑点,420,816,56 + 0.0,674,B - 左下单点,B - 右下单点,420,816,1316168,29 - 0.5
B,6,"Booty Music","Git Fresh",,,分开,305 + 566、308 + 566,A - 左边单点^^^B - 右边滑点,A - 右下单点^^^B - 右下单点,396,726,66 + 0.1,305、308,A - 左边单点,A - 右下单点,396,726,1340328,34 + 0.2
A,7,"Apple Is A","T-ara",,红色,存气,238 + 395、240 + 394,A - 左下长条结尾、右边单点^^^B - 左下单点,A - 左下单点、右下单点^^^B - 左下单点、右下单点,298,526,71 - 0.3,221,A - 右边滑点,A - 左下滑点、右下滑点,298,526,1098261,38 - 0.4
,,"我们都一样","张杰",,,分开,286 + 609,A - 右边滑点^^^B - 右边长条中间,A - 右边长条开始^^^B - 左边单点,437,763,74 - 0.5,609,B - 右边长条中间,B - 左边单点,437,763,1423811,37 - 0.2
N,6,"你的声音不会消失","fumika",,红色,分开,544 + 733,B - 左下单点、右下单点^^^B - 左下左滑条结尾,B - 右下单点^^^B - 左边长条结尾、右边长条结尾,372,838,76 - 0.2,544,B - 左下单点、右下单点,B - 右下单点,372,838,1383301,38 + 0.2
,,"江南","林俊杰",,红色,分开,162 + 494,A - 左边滑点^^^B - 左边长条中间、右边单点,A - 左边单点、右边单点^^^B - 左下单点,268,586,76 - 0.2,162,A - 左边滑点,A - 左边单点、右边单点,268,586,1100691,40 + 0.1
H,8,"火花","高耀太",,,分开,323 + 904,A - 左边右滑条结尾、右边单点^^^B - 左边单点,A - 中间单点、右边单点^^^B - 右边单点,470,1055,78 - 0.5,323,A - 左边右滑条结尾、右边单点,A - 中间单点、右边单点,470,1055,2033583,39 + 0.2
K,9,"卡农","Pachelbel",,,分开,28 + 293,A - 右下单点^^^A - 右下单点,A - 左边单点、右下滑点^^^A - 左下单点、右下单点,493,960,82 + 0.0,293,A - 右下单点,A - 左下单点、右下单点,493,960,2132327,40 + 0.1
,,"CALL ME BABY","EXO",,红色,分开,159 + 343、167 + 343、168 + 343、176 + 343,A - 左下滑点^^^B - 左下单点、右下单点,A - 右边单点^^^B - 左下单点、右边单点,241,496,70 + 0.2,159、167、168、176,A - 左下滑点,A - 右边单点,241,496,1036404,36 + 0.2
,,"Faded","Alan Walker",,红色,分开,125 + 329,A - 右下单点^^^B - 左边单点,A - 右下单点^^^B - 左下滑点,199,443,59 - 0.2,329,B - 左边单点,B - 左下滑点,199,443,904201,31 - 0.2
,,"唐人","孙子涵",,红色,分开,214 + 430、215 + 430、217 + 430,B - 右下单点^^^B - 左边右滑条中间,B - 右边滑点^^^B - 左边单点,191,522,61 - 0.1,430,B - 左边右滑条中间,B - 左边单点,191,522,1052073,32 - 0.5
M,6,"Mimimi","Serebro",,红色,分开,204 + 462、204 + 464、204 + 462、204 + 464、204 + 462、204 + 464、204 + 462、204 + 464、204 + 462、204 + 464,A - 左边单点^^^B - 右边单点,A - 左边单点、右边单点^^^B - 左下单点、右边单点,374,708,75 - 0.5,462、464,B - 右边单点,B - 左下单点、右边单点,374,708,1368516,41 - 0.5
T,8,"to the beginning","Kalafina",,,分开,336 + 805,A - 左边单点、右下单点^^^B - 左边单点、右边单点,A - 左边单点、右边单点^^^B - 左边滑点,702,1136,84 + 0.4,805,B - 左边单点、右边单点,B - 左边滑点,702,1136,2012658,42 + 0.2
L,6,"Look What You Made Me Do","Taylor Swift",,红色,存气,233 + 454、233 + 455、233 + 456、234 + 454、234 + 455、235 + 454,A - 右下单点^^^B - 左下单点,A - 左下单点、右下单点^^^B - 左下单点,239,578,76 - 0.2,504、506、508,B - 左下单点,B - 右边单点,239,578,1265877,39 - 0.2
J,6,"Just Dance","Lady GaGa",,,分开,231 + 413,A - 中间单点^^^B - 左边滑点,A - 左下单点^^^B - 右边单点,321,651,68 + 0.1,413,B - 左边滑点,B - 右边单点,321,651,1434142,37 - 0.1
,,"恋爱幸运曲奇","AKB48",,红色,分开,306 + 377,B - 左边长条开始^^^B - 左边单点,B - 左下单点、右下单点^^^B - 左下单点、右下单点,215,558,60 - 0.2,329,B - 左下左滑条中间,B - 左边单点、右边单点,215,558,941931,31 - 0.4
,,"Blue Skies","Lenka",,红色,分开,80 + 429,A - 右边单点^^^B - 右边滑点,A - 左下单点^^^B - 左下长条中间、右边长条中间,214,563,55 + 0.4,80,A - 右边单点,A - 左下单点,214,563,1028217,29 - 0.5
T,6,"Telephone","Lady GaGa",,,分开,606 + 742、606 + 743、606 + 745、606 + 747,B - 左边单点、右下单点^^^B - 右边单点,B - 右下单点^^^B - 左下单点、右下单点,413,813,77 - 0.4,606,B - 左边单点、右下单点,B - 右下单点,413,813,1625174,40 + 0.2
W,9,"无可取代","李雪岩",,,分开,374 + 1068,A - 右下左滑条右拐、左边单点^^^B - 左下右滑条左拐、右边单点,A - 右下单点^^^B - 左下单点,594,1355,82 + 0.4,374、1068,A - 右下左滑条右拐、左边单点,A - 右下单点,594,1355,2463777,41 + 0.2
,,"明天，你好","牛奶咖啡",,红色,分开,80 + 170,A - 右下单点^^^B - 左边长条开始、右边长条开始,A - 左下单点^^^B - 左下长条开始,170,358,57 + 0.0,170,B - 左边长条开始、右边长条开始,B - 左下长条开始,170,358,780302,29 - 0.4
D,6,"当你","林俊杰",,,分开,460 + 619,B - 左边单点、右边单点^^^B - 左下单点,B - 左边单点、右边单点^^^B - 右边单点,366,907,86 + 0.4,619,B - 左下单点,B - 右边单点,366,907,1693058,44 + 0.4
T,6,"太过爱你","MC梦",,,分开,238 + 443,A - 左下单点、右下单点^^^B - 左边长条开始、右边左滑条开始,A - 左下长条开始^^^B - 右边长条开始,355,739,64 - 0.3,238,A - 左下单点、右下单点,A - 左下长条开始,355,739,1285928,32 + 0.4
I,8,"I Want My Tears Back","NIGHT WISH",,,分开,633 + 741,B - 右下滑点^^^B - 右下滑点,B - 右下滑点^^^B - 左边滑点,520,1084,93 + 0.4,633,B - 右下滑点,B - 右下滑点,520,1084,2271345,48 - 0.4
W,6,"Wonderland","gugudan",,红色,分开,223 + 503,A - 左边单点、右下单点^^^B - 右下滑点,A - 左下单点^^^B - 左下单点,384,674,78 + 0.2,223,A - 左边单点、右下单点,A - 左下单点,384,674,1268758,40 - 0.3
,,"淋雨一直走","张韶涵",,红色,分开,104 + 250,A - 左边单点^^^B - 左边单点,A - 左边滑点^^^B - 右边滑点,149,299,59 + 0.4,250,B - 左边单点,B - 右边滑点,149,299,733729,32 - 0.3
,,"逆战","张杰",,,存气,326 + 533、327 + 532、328 + 530、329 + 529、329 + 530,A - 右边长条开始^^^B - 右边长条中间,A - 右下滑点^^^B - 右边单点,377,693,62 - 0.2,291、292,A - 左下长条结尾,A - 右边滑点,377,693,1190196,31 + 0.0
L,8,"L.I.E","EXID",,,分开,246 + 467,A - 左边单点、右边单点^^^B - 左边右滑条中间,A - 左下单点^^^B - 左下单点,465,799,66 + 0.4,467,B - 左边右滑条中间,B - 左下单点,465,799,1483597,33 + 0.3
L,6,"恋爱循环","花泽香菜",,红色,分开,204 + 379、204 + 380、204 + 381、204 + 388、204 + 389、204 + 390、205 + 380、205 + 381、205 + 388、205 + 389,A - 左边长条中间^^^B - 右下单点,A - 左边滑点^^^B - 左边单点,302,560,66 - 0.5,204,A - 左边长条中间,A - 左边滑点,302,560,1127149,33 - 0.2
,,"微微一笑很倾城","杨洋",,,分开,455 + 540,B - 右边单点^^^B - 左边单点,B - 左边单点、右边单点^^^B - 左边单点、右边单点,345,677,63 + 0.4,455、540,B - 右边单点,B - 左边单点、右边单点,345,677,1297777,32 - 0.3
B,9,"Butter Fly","和田光司",,,分开,382 + 514,A - 左下单点^^^A - 右下单点,A - 左边单点、右边长条开始^^^A - 右边长条结尾、左边右滑条中间,614,1256,81 - 0.5,507、514,A - 右边长条结尾、左边滑点,A - 右边长条中间、左下左滑条中间,614,1256,2209781,41 - 0.3
,,"第一次爱的人","王心凌",,红色,分开,57 + 196,A - 左边单点^^^B - 左边单点,A - 左边滑点^^^B - 左下左滑条中间,196,374,58 + 0.1,57,A - 左边单点,A - 左边滑点,196,374,819228,32 + 0.2
,,"我们不该这样的","张赫宣",,红色,存气,171 + 324,A - 右下单点^^^B - 左下单点、右下单点,A - 左边单点、右边单点^^^B - 左下单点、右下单点,184,470,70 - 0.1,382、383、384、387,B - 右下单点,B - 左边单点、右边单点,184,470,1017679,36 + 0.4
J,8,"Just Like Fire","P!nk",,,分开,226 + 327、226 + 624、226 + 725、327 + 624、327 + 725、624 + 725,A - 左边单点^^^A - 右边单点,A - 左边单点、右边单点^^^A - 左边单点、右边单点,410,924,73 + 0.0,226、327、624、725,A - 左边单点,A - 左边单点、右边单点,410,924,1800129,37 - 0.5
G,9,"Gee","少女时代",,,存气,594 + 1132,A - 左下左滑条中间^^^B - 左边长条结尾、右边左滑条开始,A - 左边单点^^^B - 左边滑点、右边单点,657,1264,79 + 0.1,1165,B - 右边长条中间,B - 左边滑点、右边单点,657,1264,2000921,41 - 0.3
,,"剩下的盛夏","TFBOYS",,红色,分开,313 + 407,B - 左边单点、右边单点^^^B - 右边滑点,B - 左边滑点^^^B - 右边长条结尾,288,529,64 - 0.5,313,B - 左边单点、右边单点,B - 左边滑点,288,529,968854,33 - 0.4
,,"给我一个理由忘记","A-Lin",,红色,分开,151 + 446,A - 右边滑点^^^B - 右边左滑条开始,A - 左边右滑条中间、右边左滑条中间^^^B - 左边右滑条结尾、右边长条结尾,315,850,71 - 0.4,446,B - 右边左滑条开始,B - 左边右滑条结尾、右边长条结尾,315,850,1278230,37 - 0.1
L,7,"Love So Soft","Kelly Clarkson",,,分开,494 + 690,B - 右边长条结尾、左下单点^^^B - 左下长条中间,B - 右下长条结尾、左边滑点^^^B - 左边单点、右边单点,417,925,74 - 0.3,690,B - 左下长条中间,B - 左边单点、右边单点,417,925,1645763,38 - 0.5
,,"Baby","Justin Bieber",,红色,分开,242 + 537、242 + 540、243 + 537、243 + 540、244 + 537、244 + 540、245 + 537、245 + 540,A - 左下滑点^^^B - 右边滑点,A - 左边滑点^^^B - 右边滑点,355,746,66 + 0.0,537、540,B - 右边滑点,B - 右边滑点,355,746,1212437,33 + 0.4
B,7,"表白","萧亚轩",,,分开,92 + 286,A - 右下单点^^^B - 右边单点,A - 左下滑点^^^B - 右下单点,286,654,65 + 0.1,286,B - 右边单点,B - 右下单点,286,654,1336021,33 - 0.4
,,"等我先说","夏天Alex",,,分开,279 + 606、279 + 607,A - 右下右滑条中间^^^B - 右边单点,A - 左下长条结尾、右边单点^^^B - 右下滑点,363,701,59 - 0.5,279,A - 右下右滑条中间,A - 左下长条结尾、右边单点,363,701,1219112,30 - 0.3
N,8,"你，有没有过","林俊杰",,,分开,182 + 935,A - 左边单点^^^B - 左边单点、右边右滑条开始,A - 左下单点^^^B - 右下滑点,549,1100,77 - 0.3,935,B - 左边单点、右边右滑条开始,B - 右下滑点,549,1100,1808295,39 - 0.4
,,"我的梦","张靓颖",,红色,存气,216 + 245,A - 右边单点^^^B - 左下单点,A - 左下单点、右下单点^^^B - 右边左滑条开始,231,538,64 + 0.3,245,B - 左下单点,B - 右边滑点,231,538,1051209,34 - 0.5
Y,9,"邮递马车","Hermann Necke",,红色,分开,329 + 626、329 + 628、330 + 626、330 + 628,B - 左边右滑条中间^^^B - 左边单点,B - 右下右滑条结尾、左下左滑条结尾^^^B - 左下滑点、右边单点,282,811,105 - 0.2,329,B - 左边右滑条中间,B - 右下右滑条结尾、左下左滑条结尾,282,811,1722752,57 + 0.2
M,7,"没有选择","胡彦斌",,,分开,478 + 571,B - 右下滑点^^^B - 左下单点、右下单点,B - 左下单点、右下单点^^^B - 左下单点,314,662,69 + 0.2,478,B - 右下滑点,B - 左下单点、右下单点,314,662,1427350,35 - 0.4
*,9,"ペガサス幻想","MAKE-UP",,,分开,216 + 498,A - 左边左滑条中间^^^B - 左边长条中间、右下单点,A - 左边单点^^^B - 左边单点,468,1114,77 - 0.4,498,B - 左边长条中间、右下单点,B - 左边单点,468,1114,1913167,40 - 0.3
,,"回忆那么伤","孙子涵",,红色,存气,176 + 486,A - 右边单点^^^B - 左边单点、右下单点,A - 左下单点^^^B - 右边单点,209,565,69 + 0.2,500、502,B - 右边单点,B - 右下单点,209,565,1177453,36 - 0.5
,,"OKAY","王嘉尔",,红色,分开,361 + 422、362 + 422,B - 右下单点^^^B - 左边单点,B - 左边滑点^^^B - 左边单点、右边单点,188,474,66 - 0.4,422,B - 左边单点,B - 左边单点、右边单点,188,474,967945,35 + 0.4
,,"Love Story","Taylor Swift",,,分开,431 + 677,A - 右边单点^^^B - 左边单点、右边单点,A - 左边单点、右边单点^^^B - 右边滑点,493,803,72 - 0.3,677,B - 左边单点、右边单点,B - 右边滑点,493,803,1437991,37 + 0.4
X,6,"小星星","汪苏泷",,,分开,254 + 574,A - 左下单点^^^B - 右下单点,A - 左边右滑条中间^^^B - 右边单点,413,857,69 - 0.2,254,A - 左下单点,A - 左边右滑条中间,413,857,1497045,35 - 0.4
,,"非酋","薛明媛/朱贺",,红色,分开,151 + 390,A - 右边单点^^^B - 左边单点,A - 左下单点^^^B - 右下单点,247,510,61 + 0.0,151、390,A - 右边单点,A - 左下单点,247,510,1044602,31 - 0.5
,,"不完美小孩","TFBOYS",,红色,分开,306 + 576、311 + 576,B - 左下长条开始^^^B - 右下单点,B - 左边长条开始^^^B - 左边单点,306,706,64 - 0.2,306、311,B - 左下长条开始,B - 左边长条开始,306,706,1193718,32 - 0.1
,,"李白","李荣浩",,红色,分开,236 + 506,A - 左下单点、右下单点^^^B - 右边单点,A - 左边单点^^^B - 左边单点、右边单点,343,658,77 + 0.2,506,B - 右边单点,B - 左边单点、右边单点,343,658,1381034,41 + 0.0
,,"带你去旅行","校长",,红色,分开,216 + 408,A - 左边单点^^^B - 左边单点、右边单点,A - 左边右滑条结尾^^^B - 左边右滑条结尾,302,597,61 + 0.3,408,B - 左边单点、右边单点,B - 左边右滑条结尾,302,597,1171123,31 + 0.0
,,"全部都是你","Dragon Pig",,红色,分开,98 + 231,A - 右边单点^^^B - 左下单点、右下单点,A - 右边滑点^^^B - 左边右滑条中间,178,389,56 - 0.2,231,B - 左下单点、右下单点,B - 左边右滑条中间,178,389,788667,28 + 0.1
T,6,"Timber","Pitbull",,,分开,228 + 434、230 + 434、231 + 434,A - 右下单点^^^B - 左边单点、右下单点,A - 右下单点^^^B - 左下单点,303,653,63 + 0.3,434,B - 左边单点、右下单点,B - 左下单点,303,653,1257225,32 - 0.1
,,"左边","杨丞琳",,红色,存气,248 + 502、249 + 501,A - 左边单点^^^B - 左下单点、右下单点,A - 左边长条结尾^^^B - 左下单点、右边单点,270,591,61 - 0.1,501,B - 右边单点,B - 中间左滑条结尾,270,591,1061429,31 + 0.0
,,"Bad Romance","Lady Gaga",,,分开,505 + 849,B - 左边右滑条中间^^^B - 中间右滑条中间,B - 左边滑点^^^B - 左边长条结尾、右边单点,446,970,70 + 0.4,849,B - 中间右滑条中间,B - 左边长条结尾、右边单点,446,970,1536790,37 - 0.5
X,7,"炫舞国度","BOX.COM",,,分开,589 + 684,B - 右边单点^^^B - 左下单点,B - 左下左滑条中间^^^B - 左边单点,349,768,80 - 0.2,684,B - 左下单点,B - 左边单点,349,768,1602029,40 + 0.0
,,"让我心动","Apink",,红色,分开,359 + 637,B - 左下单点、右下单点^^^B - 左下滑点,B - 左下单点^^^B - 右边单点,289,724,74 + 0.4,359,B - 左下单点、右下单点,B - 左下单点,289,724,1283159,38 - 0.2
B,8,"Brave Heart","宮崎歩",,,分开,362 + 882,A - 左下滑点、右边长条开始^^^B - 左边单点,A - 左边单点^^^B - 左下单点、右下单点,645,1154,97 - 0.2,882,B - 左边单点,B - 左下单点、右下单点,645,1154,1999798,49 + 0.3
X,6,"小情歌","苏打绿",,红色,分开,537 + 634、537 + 635,B - 左下左滑条开始、右下右滑条开始^^^B - 右下单点,B - 右边左滑条开始^^^B - 右边单点,320,786,74 - 0.5,634、635,B - 右下单点,B - 右边单点,320,786,1356441,37 - 0.1
,,"万有引力","汪苏泷",,红色,分开,163 + 228,B - 左下单点^^^B - 左边单点,B - 左边单点^^^B - 右边滑点,124,292,57 + 0.1,228,B - 左边单点,B - 右边滑点,124,292,711202,30 + 0.1
,,"DAY BY DAY","T-ara",,红色,分开,208 + 578,A - 左下单点^^^B - 左下滑点,A - 右下右滑条中间^^^B - 右下右滑条开始,352,678,78 - 0.5,578,B - 左下滑点,B - 右下右滑条开始,352,678,1240862,39 + 0.0
,,"Animals","Maroon 5",,红色,分开,323 + 419,B - 左下滑点^^^B - 左边右滑条开始,B - 左下单点、右下单点^^^B - 左下单点、右边单点,221,481,63 + 0.0,323,B - 左下滑点,B - 左下单点、右下单点,221,481,839823,32 + 0.1
,,"无限大","孙燕姿",,红色,分开,507 + 631、508 + 631、509 + 631,B - 右边单点^^^B - 左下左滑条开始、右下右滑条开始,B - 左下单点^^^B - 左边单点、右边单点,425,692,65 - 0.1,631,B - 左下左滑条开始、右下右滑条开始,B - 左边单点、右边单点,425,692,1233621,33 - 0.1
N,6,"你的微笑","飞儿乐团",,红色,分开,257 + 547、257 + 548,A - 左边滑点^^^B - 左边单点,A - 左下单点^^^B - 左下单点、右下单点,370,722,72 + 0.4,257,A - 左边滑点,A - 左下单点,370,722,1329771,38 - 0.3
B,8,"Bubble Pop!","泫雅",,,分开,269 + 592,A - 右下单点^^^B - 左下单点,A - 左边单点^^^B - 右下单点,371,743,65 + 0.4,269、592,A - 右下单点,A - 左边单点,371,743,1611467,33 - 0.3
,,"We Don't Talk Anymore","Charlie Puth / Selena Gomez",,红色,分开,237 + 415,B - 左下单点、右下单点^^^B - 左边滑点,B - 左下单点^^^B - 左边右滑条中间,220,509,53 + 0.0,415,B - 左边滑点,B - 左边右滑条中间,220,509,908738,28 - 0.4
Q,6,"期待","Girl's Day",,红色,分开,173 + 454,A - 左边单点^^^B - 右边单点,A - 右下单点^^^B - 左下单点、右边单点,228,513,62 - 0.4,454,B - 右边单点,B - 左下单点、右边单点,228,513,1086863,31 - 0.2
,,"吸引定律","Awaken-F",,红色,分开,200 + 431,A - 右边长条中间^^^B - 左边长条中间,A - 左边单点^^^B - 右边滑点,301,563,58 - 0.4,200,A - 右边长条中间,A - 左边单点,301,563,975235,29 + 0.0
L,6,"Long Kiss Good Bye","Halcali",,,分开,177 + 232、177 + 234,A - 左边单点^^^A - 左下单点、右边单点,A - 左边单点、右边单点^^^A - 左边滑点,373,738,77 - 0.1,177,A - 左边单点,A - 左边单点、右边单点,373,738,1600544,40 - 0.5
H,6,"Here With You","Asher Book",,红色,分开,449 + 551、451 + 551,B - 左下单点^^^B - 左边单点,B - 右边滑点^^^B - 左下单点、右边单点,254,586,66 - 0.2,551,B - 左边单点,B - 左下单点、右边单点,254,586,1188291,33 + 0.0
,,"走着走着就散了","庄心妍",,红色,分开,187 + 452、187 + 469、187 + 470、188 + 452、188 + 469、188 + 470,A - 左下单点^^^B - 右边单点,A - 左边单点^^^B - 左下单点,295,561,64 + 0.0,187、188,A - 左下单点,A - 左边单点,295,561,1211676,33 - 0.4
W,6,"望","张碧晨/赵丽颖",,红色,分开,453 + 646、455 + 646、456 + 646,B - 左下单点^^^B - 右边长条结尾、左边单点,B - 右下单点^^^B - 中间单点、右边单点,269,715,82 - 0.4,646,B - 右边长条结尾、左边单点,B - 中间单点、右边单点,269,715,1397210,42 - 0.5
B,8,"Be My Baby","Wonder Girls",,,分开,278 + 393,A - 左边滑点^^^A - 左下单点,A - 左边长条中间、右边左滑条中间^^^A - 中间左滑条中间、右边左滑条中间,688,1123,70 - 0.2,393,A - 左下单点,A - 中间左滑条中间、右边左滑条中间,688,1123,1740310,36 + 0.3
,,"下个，路口，见","李宇春",,红色,分开,154 + 378,A - 右下长条中间^^^B - 左下长条中间,A - 左边单点^^^B - 右边单点,229,470,66 - 0.4,378,B - 左下长条中间,B - 右边单点,229,470,890976,33 + 0.2
,,"不醉不会","田馥甄",,,分开,539 + 713、542 + 713,B - 左边单点^^^B - 右下单点,B - 右边单点^^^B - 右下长条结尾、左边单点,422,844,69 - 0.3,539、542,B - 左边单点,B - 右边单点,422,844,1498862,35 - 0.1
J,6,"Just Dance","王一博",,红色,分开,206 + 513、206 + 514、206 + 533、206 + 534、207 + 513、207 + 514、207 + 533、207 + 534、226 + 513、226 + 514,A - 右边单点^^^B - 左边单点,A - 左边单点^^^B - 右边单点,318,625,76 + 0.2,206、207、226、227、513、514、533、534,A - 右边单点,A - 左边单点,318,625,1425900,38 + 0.1
,,"修炼爱情","林俊杰 ",,,分开,540 + 752,B - 右边长条开始^^^B - 左边单点,B - 左边单点^^^B - 右边长条开始,280,857,62 - 0.2,540,B - 右边长条开始,B - 左边单点,280,857,1368847,32 - 0.2
W,9,"Wake up!","AAA",,,分开,517 + 649、519 + 649、521 + 649,B - 左边单点、右下单点^^^B - 右边滑点,B - 左下单点、右边单点^^^B - 左边长条结尾、右下单点,382,1054,84 - 0.1,517、519、521,B - 左边单点、右下单点,B - 左下单点、右边单点,382,1054,2022850,44 - 0.3
K,9,"空想神话","妖精帝国",,,存气,666 + 1004、666 + 1006,A - 左边单点、右边滑点^^^B - 左边单点、右下单点,A - 左边单点、右边单点^^^B - 左边单点、右边单点,674,1217,81 + 0.4,1006,B - 左边单点、右边长条开始,B - 左边长条中间,674,1217,2399303,42 - 0.4
C,8,"chAngE","miwa",,,分开,363 + 554、363 + 555,A - 左边单点、右边单点^^^B - 左下单点,A - 左边单点^^^B - 左边右滑条结尾、右边单点,548,1238,84 + 0.2,554、555,B - 左下单点,B - 左边右滑条结尾、右边单点,548,1238,2314113,44 - 0.1
I,9,"I Knew You Were Trouble","Taylor Swift",,,分开,639 + 783,B - 左下单点、右下单点^^^B - 左下单点、右边单点,B - 左边长条中间、右边长条中间^^^B - 左边单点、右边单点,597,1108,98 + 0.2,783,B - 左下单点、右边单点,B - 左边单点、右边单点,597,1108,2047407,50 + 0.2
D,7,"Doraradora","Fujigami Mai",,,分开,298 + 876,A - 右下滑点^^^B - 左下左滑条中间,A - 左边单点^^^B - 左边单点、右边单点,495,959,77 + 0.0,876,B - 左下左滑条中间,B - 左边单点、右边单点,495,959,1733576,39 - 0.2
,,"Trap","Henry",,红色,分开,110 + 316、111 + 316,A - 左下单点^^^B - 左下长条中间,A - 右下单点^^^B - 左下单点,207,425,62 + 0.0,316,B - 左下长条中间,B - 左下单点,207,425,752018,32 + 0.3
,,"稀罕没理由","潘玮柏",,红色,分开,64 + 177、64 + 179,A - 右下单点^^^B - 左下单点,A - 右下滑点^^^B - 左下单点,144,289,62 + 0.3,64,A - 右下单点,A - 右下滑点,144,289,696212,32 + 0.2
A,7,"爱投罗网","罗志祥",,,分开,276 + 432、276 + 434、276 + 435、277 + 432、277 + 434、277 + 435、432 + 686、434 + 686、435 + 686,A - 右边单点^^^B - 右边单点,A - 右下单点^^^B - 左下单点,348,797,67 - 0.5,432、434、435,B - 右边单点,B - 左下单点,348,797,1511433,34 - 0.4
,,"Flower Dance","DJ OKAWARI",,红色,分开,157 + 195,B - 右边单点^^^B - 右边单点,B - 右边滑点^^^B - 左边单点,112,259,57 - 0.4,179,B - 左下单点,B - 右边滑点,112,259,700751,30 - 0.4
,,"后会无期","徐良/汪苏泷",,红色,分开,118 + 296、118 + 297、118 + 303、119 + 296、119 + 297、119 + 303、125 + 296、125 + 297、125 + 303、125 + 296,A - 左下单点^^^B - 右下单点,A - 右边单点^^^B - 左边单点,198,393,62 - 0.2,118、119、125、129、131、296、297、303,A - 左下单点,A - 右边单点,198,393,759449,31 - 0.1
W,7,"我们的歌","王力宏",,,分开,220 + 747、220 + 748、221 + 747、221 + 748,A - 右下单点^^^B - 左下单点,A - 中间单点^^^B - 中间单点,498,999,63 + 0.4,220、221、747、748,A - 右下单点,A - 中间单点,498,999,1666230,32 - 0.3
O,7,"偶像万万岁","TimeZ",,红色,分开,597 + 870,B - 左下单点^^^B - 右边单点,B - 左下单点、右边单点^^^B - 左下滑点,469,1004,90 - 0.4,870,B - 右边单点,B - 左下滑点,469,1004,1770262,50 - 0.4
,,"Hola","Flo Rida/Maluma",,红色,分开,126 + 211、127 + 211、128 + 211,A - 左下单点^^^A - 右边长条中间,A - 左边单点、右下单点^^^A - 左边单点,299,550,59 + 0.0,157、158,A - 左下单点,A - 左下单点,299,550,1048276,31 + 0.2
,,"Sky","Steerner",,,分开,124 + 758,A - 左下滑点^^^B - 右边滑点,A - 右边滑点^^^B - 左边长条结尾,262,812,62 + 0.0,124,A - 左下滑点,A - 右边滑点,262,812,1306562,32 - 0.4
Q,9,"青鸟","生物股长",,,分开,891 + 1031,B - 左边单点、右边单点^^^B - 右下单点,B - 中间右滑条中间、左下单点^^^B - 左下单点,645,1378,117 - 0.5,891,B - 左边单点、右边单点,B - 中间右滑条中间、左下单点,645,1378,2454176,62 - 0.2
S,9,"帅一个","罗志祥",,,分开,225 + 567、225 + 568、226 + 567、226 + 568,A - 左下单点^^^B - 右下单点,A - 右边单点^^^B - 左边单点,414,970,77 - 0.2,225、226、567、568,A - 左下单点,A - 右边单点,414,970,1869005,38 + 0.4
W,8,"Why So Lonely","Wonder Girls",,,分开,856 + 948、858 + 948,B - 左边单点、右边单点^^^B - 右边单点,B - 左边单点^^^B - 左边右滑条结尾、右边左滑条结尾,451,1018,73 + 0.3,856、858,B - 左边单点、右边单点,B - 左边单点,451,1018,1971555,38 - 0.4
A,9,"曖昧スクリーム","平野绫",,,分开,911 + 1303、911 + 1308、911 + 1303、911 + 1308,B - 左边右滑条开始、右边左滑条开始^^^B - 右边滑点,B - 右边单点^^^B - 中间滑点,703,1398,79 - 0.4,911、927,B - 左边右滑条开始、右边左滑条开始,B - 右边单点,703,1398,2581168,40 - 0.4
K,10,"克罗地亚狂想曲","马克西姆",,,存气,619 + 1219、621 + 1219,A - 左边单点^^^B - 左边滑点、中间滑点,A - 左边单点、右边单点^^^B - 左边滑点、右下滑点,652,1387,102 + 0.1,1219、1237,B - 左边滑点、中间滑点,B - 左下滑点、右边滑点,652,1387,2595743,55 - 0.3
,,"狂欢夜","QQ炫舞原创",,红色,分开,486 + 596,B - 左下左滑条开始、右下右滑条开始^^^B - 左边单点、右边单点,B - 左下单点、右下单点^^^B - 左边单点、右边单点,186,707,77 - 0.1,486,B - 左下左滑条开始、右下右滑条开始,B - 左下单点、右下单点,186,707,1309356,39 + 0.0
,,"太阳雨","QQ炫舞原创",,红色,分开,224 + 285,B - 右边单点^^^B - 右边左滑条开始,B - 右下单点^^^B - 左下单点,201,383,64 - 0.5,243,B - 右边左滑条中间,B - 左边单点,201,383,756027,33 + 0.0
,,"浪漫惊喜","kent王健",100,红色,分开,83 + 136,A - 右边左滑条中间^^^A - 左下单点,A - 左边单点^^^A - 左下左滑条结尾、右下右滑条结尾,241,432,64 - 0.2,136,A - 左下单点,A - 左下左滑条结尾、右下右滑条结尾,241,432,785970,39 - 0.2
,,"娃娃脸","后弦",,红色,分开,300 + 506,B - 左边右滑条中间^^^B - 左边单点、右边单点,B - 左边单点^^^B - 左边单点,298,623,62 + 0.0,506,B - 左边单点、右边单点,B - 左边单点,298,623,1156214,32 + 0.1
W,6,"What Do You Mean?","Justin Bieber",,,分开,77 + 551,A - 右下单点^^^B - 右边滑点,A - 右边单点^^^B - 左下单点,295,601,55 - 0.3,77,A - 右下单点,A - 右边单点,295,601,1118869,29 - 0.5
S,7,"什么什么","蔡依林",,,分开,294 + 598、298 + 598,A - 右边长条开始^^^B - 左下单点,A - 右下右滑条开始^^^B - 右下滑点,357,769,62 - 0.5,598,B - 左下单点,B - 右下滑点,357,769,1442324,31 + 0.1
H,8,"Hey Baby 你是我的","李佳薇",,,分开,574 + 1097、574 + 1099、574 + 1130、574 + 1131、574 + 1132,B - 左边滑点^^^B - 右边单点,B - 左边单点^^^B - 左下滑点,574,1250,82 + 0.0,574、1097、1099、1130、1131、1132,B - 左边滑点,B - 左边单点,574,1250,2221638,41 + 0.0
,,"You Are","GOT7",,红色,分开,123 + 293,A - 右边单点^^^B - 左下滑点,A - 左边单点、右边单点^^^B - 左边单点、右边单点,176,411,58 + 0.3,293,B - 左下滑点,B - 左边单点、右边单点,176,411,783516,30 - 0.4
P,10,"Play 我呸","蔡依林",,,分开,80 + 827,A - 左边单点、右边单点^^^B - 左边单点、右边单点,A - 左边单点^^^B - 左下滑点、右下单点,500,985,89 + 0.0,827,B - 左边单点、右边单点,B - 左下滑点、右下单点,500,985,2461398,45 + 0.4
Y,8,"一吻天荒","胡歌",50,,分开,632 + 842,B - 左边长条中间^^^B - 左下单点,B - 左下单点^^^B - 左边滑点、右边滑点,396,1189,87 + 0.3,842,B - 左下单点,B - 左边滑点、右边滑点,396,1189,1927493,45 + 0.3
,,"因你而在","林俊杰",,红色,分开,200 + 377、200 + 380、200 + 381,A - 左边单点^^^B - 左边单点,A - 右边长条中间^^^B - 左边滑点,249,569,60 + 0.1,377、380、381,B - 左边单点,B - 左边滑点,249,569,1041305,30 + 0.1
,,"触动心触动爱","BY2",,红色,分开,271 + 415、271 + 416,B - 左边滑点^^^B - 右边单点,B - 右边左滑条结尾、左边单点^^^B - 右下单点,244,473,60 + 0.1,415、416,B - 右边单点,B - 右下单点,244,473,895376,32 - 0.3
Z,6,"再遇不到你这样的人","庄心妍",50,红色,分开,516 + 603,B - 左边单点、右边单点^^^B - 左边左滑条中间,B - 右边单点^^^B - 右边单点,351,726,69 - 0.5,603,B - 左边左滑条中间,B - 右边单点,351,726,1340354,36 - 0.2
K,6,"KNOCK KNOCK","TWICE",,红色,分开,89 + 358,A - 左下单点、右边单点^^^B - 右下右滑条中间,A - 左下左滑条中间、右边左滑条中间^^^B - 左下单点、右边单点,228,576,66 - 0.4,358,B - 右下右滑条中间,B - 左下单点、右边单点,228,576,1226921,33 - 0.2
B,8,"Bright Spring","M2U",,,存气,427 + 766,A - 右下长条中间、左边单点^^^B - 左边单点、右边单点,A - 左边滑点^^^B - 左边滑点、右边滑点,444,916,86 - 0.1,747,B - 右边长条开始,B - 左边单点、右边单点,444,916,1725685,44 - 0.3
,,"夜空中最亮的星","逃跑计划",,红色,分开,181 + 464,A - 右边长条中间^^^B - 右下单点,A - 右边单点^^^B - 右边单点,386,705,69 + 0.4,464,B - 右下单点,B - 右边单点,386,705,1172315,35 + 0.0
W,6,"Wolves","Selena Gomez/Marshmello",,,分开,252 + 609,A - 右边单点^^^B - 左边单点,A - 左边滑点^^^B - 右边滑点,390,778,67 + 0.1,609,B - 左边单点,B - 右边滑点,390,778,1533236,34 - 0.3
,,"心率","鹿晗",,红色,分开,89 + 280、89 + 281,A - 左边单点^^^B - 右下单点,A - 左下单点^^^B - 左边单点,176,365,56 + 0.1,280、281,B - 右下单点,B - 左边单点,176,365,721430,28 + 0.1
,,"有点甜","汪苏泷 / BY2",,红色,分开,335 + 431,B - 左下长条结尾、右边单点^^^B - 左下单点,B - 左边单点^^^B - 左下单点,257,554,64 + 0.4,335,B - 左下长条结尾、右边单点,B - 左边单点,257,554,1071598,33 + 0.3
X,6,"虚拟","陈粒",,红色,分开,255 + 603,A - 左下单点^^^B - 左下单点,A - 左下左滑条开始^^^B - 右下单点,368,717,73 - 0.3,603,B - 左下单点,B - 右下单点,368,717,1197278,37 - 0.3
*,7,"1234喜欢你","王欣宇",,,分开,289 + 603,A - 右边单点^^^B - 左下单点,A - 左边长条结尾^^^B - 左下单点、右下单点,338,714,65 - 0.4,289,A - 右边单点,A - 左边长条结尾,338,714,1370272,33 - 0.4
S,9,"Sparkling Daydream","ZAQ",20,,分开,393 + 910,A - 左边单点、右边单点^^^B - 左边单点、右边单点,A - 右下右滑条结尾、左边单点^^^B - 左边左滑条结尾、右边右滑条结尾,573,1256,88 - 0.2,910,B - 左边单点、右边单点,B - 左边左滑条结尾、右边右滑条结尾,573,1256,2594802,44 + 0.1
T,7,"TOUCH MY HEART","罗志祥",,,分开,224 + 643、224 + 644、224 + 645,A - 右边单点^^^B - 右边单点,A - 右边单点^^^B - 左边单点,391,710,63 - 0.1,643、644、645,B - 右边单点,B - 左边单点,391,710,1213954,32 - 0.2
,,"Sometimes","Kat Graham",,红色,分开,108 + 358、108 + 359、108 + 358、108 + 359,A - 右下单点^^^B - 右下单点,A - 左边左滑条结尾^^^B - 右下单点,247,441,57 - 0.5,358、359,B - 右下单点,B - 右下单点,247,441,897477,30 - 0.3
,,"歌谣","李荣浩",,,分开,526 + 598,B - 左边右滑条结尾、右边单点^^^B - 右下单点,B - 右边单点^^^B - 右边长条结尾,398,874,68 + 0.0,526,B - 左边右滑条结尾、右边单点,B - 右边单点,398,874,1476165,34 + 0.3
,,"勋章","鹿晗",,红色,分开,143 + 352,A - 左边长条中间^^^B - 左下单点、右下单点,A - 中间单点^^^B - 左边单点,206,458,67 - 0.5,352,B - 左下单点、右下单点,B - 左边单点,206,458,840727,35 - 0.5
,,"空山新雨后","音阙诗听/锦零",,红色,分开,195 + 330、195 + 331,B - 左边单点^^^B - 右下单点,B - 左边单点、右边单点^^^B - 右边单点,194,411,62 + 0.2,195,B - 左边单点,B - 左边单点、右边单点,194,411,837097,32 + 0.2
,,"New Divide","Linkin Park",,红色,分开,256 + 549,A - 左边单点、右边单点^^^B - 左边单点、右边单点,A - 右下滑点^^^B - 左边滑点,394,635,73 - 0.4,256,A - 左边单点、右边单点,A - 右下滑点,394,635,1186110,39 - 0.4
,,"Synchronise","INFINITE",,,分开,297 + 660,A - 右边左滑条中间^^^B - 左边右滑条中间,A - 左下单点、右下单点^^^B - 左下单点、右下单点,389,809,62 - 0.4,297、660,A - 右边左滑条中间,A - 左下单点、右下单点,389,809,1205969,31 - 0.2
,,"Talk Dirty","Jason Derulo/2",,红色,分开,109 + 349、110 + 349、111 + 349,A - 左边单点^^^B - 左下滑点,A - 左边滑点^^^B - 右下单点,229,411,53 + 0.1,349,B - 左下滑点,B - 右下单点,229,411,843372,28 - 0.2
,,"星期天","张紫豪",,红色,存气,214 + 425,A - 右边滑点^^^B - 左边滑点,A - 右下单点^^^B - 右下单点,248,537,69 + 0.0,438,B - 左边单点、右下单点,B - 左边单点,248,537,1029496,37 - 0.4
L,9,"恋のパーフェクト微分方程式","ユウノウミ",,,分开,134 + 674、134 + 676、142 + 674、142 + 676、144 + 674、144 + 676,A - 右边右滑条结尾、左边滑点^^^B - 左边单点,A - 左下单点^^^B - 右下单点,592,1133,80 + 0.1,674、676,B - 左边单点,B - 右下单点,592,1133,2209726,42 - 0.3
X,6,"炫舞","陈伟霆",,,分开,352 + 653、352 + 654、357 + 653、357 + 654,A - 左边长条开始^^^B - 左边左滑条右拐,A - 右下右滑条结尾^^^B - 左边单点、右边单点,500,929,68 + 0.3,352、357,A - 左边长条开始,A - 右下右滑条结尾,500,929,1507752,36 + 0.1
,,"Baby Don't Cry","于湉",,红色,分开,206 + 446,A - 左下单点^^^B - 右下单点,A - 右下单点^^^B - 左下单点,255,495,56 - 0.2,206、446,A - 左下单点,A - 右下单点,255,495,966739,28 - 0.1
S,9,"SWEET TALKER","TWICE",,,分开,233 + 678,A - 左边单点、右边滑点^^^B - 左下单点、右边单点,A - 左边单点、右边单点^^^B - 左边单点、右边单点,554,1209,84 - 0.1,678,B - 左下单点、右边单点,B - 左边单点、右边单点,554,1209,2106139,44 + 0.4
D,10,"Dura","Daddy Yankee",,,分开,179 + 738、181 + 738、186 + 738、188 + 738、738 + 1178、738 + 1180、738 + 1185、738 + 1187、740 + 1178、740 + 1180,A - 左边单点、右边单点^^^B - 左边单点,A - 右边滑点^^^B - 左边单点、右边单点,571,1347,81 + 0.1,738,B - 左边单点,B - 左边单点、右边单点,571,1347,2973850,41 + 0.0
,,"今天你要嫁给我","陶喆/蔡依林",,红色,分开,173 + 259,B - 右边单点^^^B - 左边长条中间,B - 右边左滑条开始^^^B - 右边单点,148,391,65 + 0.0,173,B - 右边单点,B - 右边左滑条开始,148,391,816274,35 + 0.0
C,9,"Candy Pop","TWICE",,,存气,403 + 703、403 + 730、430 + 703,A - 左下滑点、右边滑点^^^B - 左下滑点、右边滑点,A - 左边单点、右边单点^^^B - 左下左滑条结尾、右下右滑条结尾,447,996,75 + 0.0,312、729,A - 右边单点,A - 左下左滑条结尾、右下右滑条结尾,447,996,1816369,37 + 0.0
,,"爱的就是你","刘佳",,红色,分开,192 + 373、192 + 374,A - 左边单点^^^B - 左下单点,A - 左下单点^^^B - 左下单点,248,514,64 + 0.0,373、374,B - 左下单点,B - 左下单点,248,514,1037500,32 + 0.2
G,10,"Get It On The Floor","DMX",,,分开,459 + 979,A - 左边长条结尾、右边单点^^^B - 左边单点、右边单点,A - 右边单点^^^B - 右边单点,631,1210,78 + 0.1,979,B - 左边单点、右边单点,B - 右边单点,631,1210,2412824,40 - 0.2
,,"Pure","向井太一",,红色,分开,94 + 400,A - 右下单点^^^B - 右边单点,A - 右边单点^^^B - 左边单点、右边单点,229,445,56 + 0.3,94,A - 右下单点,A - 右边单点,229,445,853494,29 - 0.5
C,8,"CLEAR","坂本真綾",,,分开,333 + 626、626 + 717,A - 左下单点、右边单点^^^B - 左边单点、右边单点,A - 右边滑点^^^B - 右下滑点,478,1008,87 + 0.0,626,B - 左边单点、右边单点,B - 右下滑点,478,1008,2193195,44 - 0.2
,,"Loved","Highlight",,,分开,208 + 456,A - 右边单点^^^B - 左边单点,A - 左边单点^^^B - 右边单点,285,577,52 - 0.4,208、456,A - 右边单点,A - 左边单点,285,577,984582,26 - 0.2
C,9,"Crash","The Primitives",20,,分开,387 + 946,A - 左下左滑条开始、右边左滑条开始^^^B - 右下单点,A - 右下单点^^^B - 中间单点、右边单点,621,1471,103 - 0.5,946,B - 右下单点,B - 中间单点、右边单点,621,1471,2276653,54 - 0.3
B,7,"Bing Bing","Crayon Pop",,,分开,93 + 391,A - 左边单点^^^A - 右下单点,A - 左下单点^^^A - 右下单点,463,913,70 - 0.2,391,A - 右下单点,A - 右下单点,463,913,1909686,35 - 0.1
R,8,"Rolling Star","YUI",,,分开,483 + 573,B - 左下单点、右下单点^^^B - 左边单点、右边单点,B - 左边单点、右边单点^^^B - 左边滑点,369,834,86 + 0.2,483,B - 左下单点、右下单点,B - 左边单点、右边单点,369,834,1764591,46 + 0.4
D,8,"Dear Future Husband","Meghan Trainor",,,分开,507 + 866、507 + 867,B - 右边长条结尾、左下单点^^^B - 左边右滑条结尾,B - 左下单点、右边单点^^^B - 左边单点、右下单点,441,1128,74 + 0.2,866、867,B - 左边右滑条结尾,B - 左边单点、右下单点,441,1128,1994177,40 - 0.1
P,6,"Poker Face","Lady Gaga",,红色,分开,219 + 488、219 + 490、220 + 488、220 + 490,A - 左边单点^^^B - 左下单点,A - 右边单点^^^B - 右边单点,340,669,78 - 0.2,219、220,A - 左边单点,A - 右边单点,340,669,1324922,41 + 0.0
,,"Real Change","Masetti",,,分开,99 + 260,A - 左边单点^^^A - 右边滑点,A - 左下单点^^^A - 右边滑点,309,616,67 + 0.1,99,A - 左边单点,A - 左下单点,309,616,1337895,34 + 0.0
,,"Monsters","Katie Sky",,红色,分开,126 + 269,A - 左边单点^^^B - 右边单点,A - 右边单点^^^B - 左边单点,215,440,57 + 0.2,126、269,A - 左边单点,A - 右边单点,215,440,785484,29 - 0.4
S,7,"Sugar Rush","吴映洁",,红色,分开,236 + 637、237 + 637、239 + 637、240 + 637、241 + 637,A - 右边单点^^^B - 右边长条中间、左下单点,A - 左边右滑条结尾、右边单点^^^B - 中间单点,412,850,97 + 0.3,637,B - 右边长条中间、左下单点,B - 中间单点,412,850,1566343,50 + 0.0
S,9,"SHIORI","ClariS",,,分开,316 + 916,A - 右边长条开始^^^B - 左下单点、右下单点,A - 右边右滑条开始^^^B - 左边单点、右边单点,484,1223,86 - 0.3,916,B - 左下单点、右下单点,B - 左边单点、右边单点,484,1223,2316628,43 + 0.2
,,"丑八怪","薛之谦",,红色,分开,407 + 536,B - 左下单点^^^B - 左边右滑条中间,B - 左边单点、右边单点^^^B - 左下长条结尾、右下单点,270,694,68 + 0.2,536,B - 左边右滑条中间,B - 左下长条结尾、右下单点,270,694,1220670,35 - 0.5
,,"再见安打","唐禹哲",,红色,分开,198 + 379,B - 左边左滑条中间^^^B - 右边右滑条中间,B - 左边单点^^^B - 左下单点,163,441,59 + 0.2,198,B - 左边左滑条中间,B - 左边单点,163,441,803123,30 - 0.4
,,"The Fire","吉克隽逸",,红色,分开,151 + 343,A - 左边单点^^^B - 右边单点,A - 左下单点、右边单点^^^B - 左边单点、右下单点,252,492,67 + 0.0,151、343,A - 左边单点,A - 左下单点、右边单点,252,492,945688,34 - 0.5
S,9,"Stand By Me","the peggies",,,分开,431 + 950、723 + 950、950 + 1232,A - 左边单点、右下单点^^^B - 左下滑点,A - 左边右滑条中间、右边长条结尾^^^B - 左边单点,950,1748,80 + 0.4,950,B - 左下滑点,B - 左边单点,950,1748,2546115,41 - 0.3
D,9,"大艺术家(困难版)","蔡依林",,,分开,72 + 164、72 + 165,A - 左下单点^^^A - 左下单点,A - 左边单点^^^A - 右下单点,673,1163,71 - 0.2,164、165,A - 左下单点,A - 右下单点,673,1163,1966181,35 + 0.4
,,"绿光","孙燕姿",,红色,分开,193 + 404、404 + 585,A - 左下长条开始^^^B - 左边单点、右下单点,A - 左边单点、右下单点^^^B - 左下单点,312,656,71 + 0.0,404,B - 左边单点、右下单点,B - 左下单点,312,656,1201843,37 + 0.1
,,"Checkmate","林俊杰/郑容和",,红色,分开,398 + 542、399 + 542、221 + 385,B - 左边单点^^^B - 右边单点,B - 左边单点^^^B - 右边长条中间,271,623,55 + 0.0,398、399,B - 左边单点,B - 左边单点,271,623,951590,29 + 0.0
,,"魂不守舍","朱星杰",,,分开,197 + 384、197 + 388、197 + 384、197 + 388、201 + 384、201 + 388、201 + 384、201 + 388,A - 左边滑点^^^B - 右边滑点,A - 左边滑点^^^B - 右边滑点,286,632,52 - 0.2,197、201、384、388,A - 左边滑点,A - 左边滑点,286,632,1034768,26 - 0.1
M,10,"MY舞☆TONIGHT","Aqours",,,分开,343 + 1462、347 + 1462,A - 左边单点、右边单点^^^B - 左边滑点,A - 右边单点^^^B - 左边单点、右边单点,733,1578,97 + 0.1,1462,B - 左边滑点,B - 左边单点、右边单点,733,1578,3068746,51 + 0.1
,,"雨后的咖啡","SNP",,红色,存气,277 + 448,A - 左下左滑条开始、右边长条开始^^^B - 右下滑点,A - 左边长条结尾^^^B - 左边单点,339,624,53 - 0.5,254,A - 右边左滑条开始,A - 左边长条结尾,339,624,977393,28 - 0.5
L,10,"林中鸟(困难版)","葛林",,,分开,626 + 1256、626 + 1267、626 + 1268,B - 右边滑点^^^B - 左边长条开始,B - 右边长条结尾、左边单点^^^B - 左边长条结尾、右边单点,568,1475,106 - 0.1,1252、1256、1267、1268,B - 右边滑点,B - 左边长条中间、右边单点,568,1475,2772084,64 + 0.4
C,10,"Crossing Field","LiSA",,,分开,130 + 456、130 + 1123、132 + 456、132 + 1123、132 + 456、132 + 1123、132 + 456、132 + 1123、132 + 456、132 + 1123,A - 左下单点、右边单点^^^A - 左边单点、右边单点,A - 左边单点、右边单点^^^A - 右边左滑条中间、左边单点,597,1351,103 + 0.0,130、132,A - 左下单点、右边单点,A - 左边单点、右边单点,597,1351,2826228,52 - 0.4
*,9,"123我爱你(困难版)","新乐尘符",,,分开,279 + 444、279 + 982、444 + 982,A - 左下滑点^^^A - 右下滑点,A - 左边滑点、中间滑点^^^A - 中间滑点、右边滑点,719,1396,105 - 0.2,279、444、982,A - 左下滑点,A - 左边滑点、中间滑点,719,1396,2388155,52 + 0.4
J,6,"芥末巧克力","杨丞琳",,红色,分开,107 + 354、107 + 355、107 + 356、108 + 354、108 + 355、108 + 356、109 + 354、109 + 355、109 + 356、110 + 354,A - 左下单点^^^B - 右下单点,A - 右边单点^^^B - 左边单点,209,525,66 + 0.4,107、108、109、354、355、356,A - 左下单点,A - 右边单点,209,525,1124482,33 + 0.2
,,"不朽之罪","双笙/玄觞",,红色,分开,279 + 367、280 + 367,B - 右下单点^^^B - 右边单点,B - 左边长条结尾^^^B - 右边长条开始,158,455,57 - 0.3,367,B - 右边单点,B - 右边长条开始,158,455,849843,29 - 0.2
,,"大碗宽面","吴亦凡",,红色,分开,101 + 347,A - 右边长条中间^^^B - 左下滑点,A - 左边单点^^^B - 左边滑点,222,495,69 + 0.2,347,B - 左下滑点,B - 左边滑点,222,495,860313,36 - 0.3
,,"凉凉","杨宗纬/张碧晨",,红色,分开,245 + 435、252 + 435,B - 右边单点^^^B - 左下滑点,B - 左边单点^^^B - 右边单点,213,541,58 + 0.1,435,B - 左下滑点,B - 右边单点,213,541,899102,30 - 0.5
W,9,"Whistle(困难版)","Flo Rida",50,,分开,398 + 559、399 + 559、400 + 559、401 + 559,A - 左下单点^^^A - 左下左滑条中间、右边单点,A - 左边单点^^^A - 右边单点,659,1469,77 + 0.4,559,A - 左下左滑条中间、右边单点,A - 右边单点,659,1469,2644284,40 + 0.2
B,9,"Bright Burning Shout","T.M.Revolution",,,分开,403 + 1271、403 + 1272、404 + 1271、404 + 1272,A - 右下单点^^^B - 左下单点,A - 左边滑点^^^B - 右边滑点,789,1599,78 + 0.2,403、404、1271、1272,A - 右下单点,A - 左边滑点,789,1599,2432405,39 + 0.1
N,7,"牛奶面包","杨紫/鱿小鱼",,红色,分开,192 + 468,A - 右边长条结尾、左边单点^^^B - 左边长条开始、右边长条开始,A - 左边单点^^^B - 左边单点,414,698,76 + 0.0,192,A - 右边长条结尾、左边单点,A - 左边单点,414,698,1315606,38 + 0.0
,,"无名之辈","陈雪燃",,红色,分开,95 + 347,A - 右边滑点^^^B - 右边长条开始,A - 左边滑点^^^B - 左边滑点,191,466,69 + 0.4,347,B - 右边长条开始,B - 左边滑点,191,466,900192,35 + 0.2
R,7,"仁心所向","河图",,,分开,413 + 898,A - 右下单点^^^B - 右下单点,A - 左下长条结尾、右边单点^^^B - 右下右滑条中间,685,1168,77 - 0.2,898,B - 右下单点,B - 右下右滑条中间,685,1168,1856192,39 - 0.2
,,"淘汰","陈奕迅",,红色,分开,249 + 473,B - 右边单点^^^B - 左下单点,B - 左边左滑条中间^^^B - 右下长条结尾,229,566,55 + 0.3,249,B - 右边单点,B - 左边左滑条中间,229,566,885489,28 - 0.3
V,10,"Victory(困难版)","Bond",,,分开,178 + 1401、856 + 1401,A - 左下单点、右下单点^^^B - 左下单点、右下单点,A - 右下滑点^^^B - 左边单点,796,1460,107 + 0.4,1401,B - 左下单点、右下单点,B - 左边单点,796,1460,3404901,58 + 0.0
H,8,"好想大声说喜欢你","BAAD",,,分开,238 + 939,A - 右下长条中间^^^B - 左下左滑条开始、右下右滑条开始,A - 右边单点^^^B - 右边左滑条结尾、左边单点,462,1096,83 + 0.0,238,A - 右下长条中间,A - 右边单点,462,1096,1880707,43 - 0.4
L,6,"LOVE IT LIVE IT","YDPP",,,分开,387 + 659,B - 左下单点^^^B - 右边长条结尾、左下长条开始,B - 左边滑点^^^B - 左边单点,326,744,66 + 0.1,387,B - 左下单点,B - 左边滑点,326,744,1360946,35 + 0.0
*,9,"デートアライブ","sweet ARMS",,,分开,596 + 1278,A - 右下单点^^^B - 左下单点,A - 左边长条结尾、右下长条结尾^^^B - 左边长条结尾、右边长条结尾,736,1416,76 - 0.2,596、1278,A - 右下单点,A - 左边长条结尾、右下长条结尾,736,1416,2076711,38 - 0.1
B,6,"白骑士","QQ炫舞原创",,,分开,237 + 554,A - 右边单点^^^B - 左下单点、右下单点,A - 左边长条中间^^^B - 右边长条结尾,382,770,66 + 0.0,554,B - 左下单点、右下单点,B - 右边长条结尾,382,770,1312010,33 + 0.4
G,9,"更新","Sabão",,,存气,475 + 958、476 + 957、477 + 956、477 + 958、478 + 955、478 + 957、479 + 954、479 + 956,A - 右下单点^^^B - 左边滑点,A - 左边单点、右边单点^^^B - 左边长条结尾、右边长条结尾,533,1207,77 - 0.3,963,B - 右边单点,B - 左边长条结尾、右边长条结尾,533,1207,2289998,39 - 0.2
,,"朝代","排骨教主",,红色,分开,215 + 451,A - 右下滑点^^^B - 左下滑点,A - 右边长条结尾^^^B - 左边长条结尾,307,656,69 - 0.2,215、451,A - 右下滑点,A - 右边长条结尾,307,656,1078421,34 + 0.4
,,"素颜","许嵩/何曼婷",,红色,存气,70 + 108,A - 左边单点^^^B - 左边单点、右下单点,A - 左边滑点^^^B - 右下单点,98,231,53 + 0.0,116,B - 右下单点,B - 右边单点,98,231,566585,27 - 0.5
,,"可以了","陈奕迅",100,红色,分开,326 + 528,A - 右边长条中间^^^B - 右下单点,A - 右下右滑条结尾、左边滑点^^^B - 左下单点、右下单点,406,721,64 - 0.3,326,A - 右边长条中间,A - 右下右滑条结尾、左边滑点,406,721,1187592,33 - 0.4
J,7,"就是你","范玮琪",,,分开,431 + 542、431 + 549,B - 右下单点^^^B - 左边单点、右边单点,B - 右边长条中间^^^B - 左边长条中间、右下右滑条中间,392,897,68 + 0.1,542,B - 左边单点、右边单点,B - 左边长条中间、右下右滑条中间,392,897,1385437,34 + 0.3
Z,9,"直到世界终结(困难版)","WANDS",20,,分开,1203 + 1306,B - 左边滑点^^^B - 左边长条结尾、右下单点,B - 左下单点、右边单点^^^B - 左边滑点、右边滑点,585,1575,83 - 0.1,1306,B - 左边长条结尾、右下单点,B - 左边滑点、右边滑点,585,1575,2362635,42 - 0.2
,,"芒种","音阙诗听/赵方婧",,红色,分开,27 + 345,A - 左边单点^^^B - 左边单点、右下单点,A - 左边滑点^^^B - 左边单点,249,451,79 - 0.4,345,B - 左边单点、右下单点,B - 左边单点,249,451,1045582,41 + 0.2
,,"耿耿于怀","王笑文",,,分开,289 + 638,A - 左下滑点^^^B - 左下单点,A - 右边单点^^^B - 左边右滑条中间,348,758,57 + 0.4,638,B - 左下单点,B - 左边右滑条中间,348,758,1312626,29 + 0.2
,,"没有你的冬季","阿云嘎",,,分开,302 + 607,A - 左边单点^^^B - 右边单点,A - 左下左滑条开始^^^B - 右下右滑条开始,421,801,69 - 0.4,302、607,A - 左边单点,A - 左下左滑条开始,421,801,1364273,34 + 0.3
Y,6,"原点","徐梦圆",,,分开,252 + 897,A - 左边单点^^^B - 左下长条中间,A - 左边右滑条开始、右下滑点^^^B - 左边单点、右下滑点,570,1254,84 - 0.2,897,B - 左下长条中间,B - 左边单点、右下滑点,570,1254,1737712,45 - 0.2
M,8,"觅","王喆",,,存气,390 + 841,A - 左边单点^^^B - 左下单点,A - 右下单点^^^B - 左边单点、右边单点,413,933,69 + 0.4,882、884,B - 右下单点,B - 左下单点,413,933,1925651,36 + 0.3
I,6,"I'm OK","小青龙",,,分开,134 + 235、134 + 237、134 + 238、134 + 239、134 + 240、235 + 617、237 + 617、238 + 617、239 + 617、240 + 617,A - 右边单点^^^A - 右边单点,A - 左边滑点^^^A - 右下滑点,323,793,72 + 0.0,235、237、238、239、240,A - 右边单点,A - 右下滑点,323,793,1426758,37 - 0.2
,,"Flamingo","米津玄師",,红色,分开,210 + 486,A - 左下长条开始、右下右滑条开始^^^B - 左下左滑条开始、右下长条开始,A - 右边单点^^^B - 左边单点,329,699,57 - 0.4,210、486,A - 左下长条开始、右下右滑条开始,A - 右边单点,329,699,1053161,28 + 0.3
,,"Loki","BC221",,,分开,117 + 317、117 + 320、117 + 317、117 + 320、117 + 317、117 + 320,A - 左边滑点^^^B - 左边滑点,A - 左下滑点^^^B - 左边单点,255,482,50 + 0.0,117、317、320,A - 左边滑点,A - 左下滑点,255,482,948141,25 + 0.0
C,9,"Candy Boy","TWICE",,,分开,965 + 1242、965 + 1245,B - 右边单点^^^B - 左边长条中间,B - 右边长条中间^^^B - 右边左滑条结尾、左下左滑条中间,516,1352,73 - 0.1,965,B - 右边单点,B - 右边长条中间,516,1352,2050070,37 - 0.3
,,"Play It Cool","Steve Aoki/MONSTA X",,红色,分开,144 + 273、144 + 275、145 + 273、145 + 275、145 + 273、145 + 275、145 + 273、145 + 275、146 + 273、146 + 275,A - 左下单点^^^B - 左下单点,A - 右下单点^^^B - 左下滑点,250,502,58 + 0.1,144、145、146,A - 左下单点,A - 右下单点,250,502,1030356,29 + 0.1
,,"漫时光","QQ炫舞",,,分开,94 + 259、94 + 504,A - 左边长条中间、右边单点^^^A - 左下单点、右下单点,A - 右下单点^^^A - 左下滑点,414,683,62 - 0.2,94,A - 左边长条中间、右边单点,A - 右下单点,414,683,1328625,31 + 0.1
F,10,"Fanfare","Sumika",,,分开,1015 + 1094,B - 右边长条结尾、左边单点^^^B - 右边单点,B - 右边单点^^^B - 左边单点,981,2094,82 + 0.1,1081、1083,B - 右边单点,B - 左下单点、右边单点,981,2094,2981665,43 - 0.5
,,"我乐意(QQ炫舞系列主题曲)","许嵩",,,分开,185 + 455、185 + 456、185 + 455、185 + 456、186 + 455、186 + 456、186 + 455、186 + 456,A - 右边单点^^^B - 左下单点,A - 左下滑点^^^B - 右下滑点,292,602,57 - 0.2,185、455、456,A - 右边单点,A - 左下滑点,292,602,1148633,28 + 0.4
,,"ME!","Taylor Swift/Brendon Urie",,红色,分开,71 + 219,A - 左边滑点^^^B - 右边滑点,A - 右边长条结尾^^^B - 左边长条结尾,170,380,57 + 0.2,219,B - 右边滑点,B - 左边长条结尾,170,380,734354,29 - 0.4
C,7,"Close To Me","Ellie Goulding/Diplo/Red Velvet",,,分开,428 + 621,B - 左下滑点^^^B - 左边单点,B - 左边单点^^^B - 左边单点、右下单点,401,861,67 - 0.3,621,B - 左边单点,B - 左边单点、右下单点,401,861,1412421,34 - 0.2
,,"Too Much","Carly Rae Jepsen",,红色,存气,182 + 289,A - 右边单点^^^B - 右边滑点,A - 右下单点^^^B - 右边单点,187,403,58 + 0.2,291,B - 右边滑点,B - 左下单点,187,403,755642,29 - 0.3
X,7,"幸福症候群","nanawoakari",,,分开,201 + 475、309 + 475、475 + 596,A - 左边长条结尾、右下滑点^^^B - 左下单点,A - 左下单点^^^B - 右下单点,413,986,69 - 0.3,475,B - 左下单点,B - 右下单点,413,986,1552401,35 - 0.5
F,8,"Fight For You","潘玮柏",,,分开,387 + 446,A - 右边右滑条中间^^^A - 左边单点、右边单点,A - 右边单点^^^A - 左边单点、右边单点,501,1022,76 - 0.3,390,A - 左边单点,A - 左边单点、右边单点,501,1022,1847835,39 - 0.4
L,7,"旅行的爱情","Samuel",100,,分开,196 + 689,A - 右边左滑条中间^^^B - 左边单点,A - 左下左滑条结尾、右边单点^^^B - 右下右滑条结尾、左下单点,408,863,73 + 0.2,689,B - 左边单点,B - 右下右滑条结尾、左下单点,408,863,1391104,37 - 0.4
*,9,"プライド革命","CHiCO with HoneyWorks",,,分开,511 + 1303、1217 + 1303,A - 左下长条开始、右边长条开始^^^B - 左边滑点,A - 左边滑点^^^B - 右下长条结尾,679,1393,75 + 0.2,1300、1303,B - 右边滑点,B - 左下左滑条结尾、右下长条中间,679,1393,2174543,38 - 0.3
D,6,"豆你玩","李子璇",,红色,分开,310 + 405、310 + 406,B - 左边单点^^^B - 右边单点,B - 右边单点^^^B - 左下单点,286,564,76 - 0.4,310,B - 左边单点,B - 右边单点,286,564,1116038,38 + 0.0
,,"For You","高颖浠",,红色,分开,223 + 391,A - 右下单点^^^B - 左边单点,A - 右下单点^^^B - 左边长条中间、右边滑点,278,616,69 + 0.0,391,B - 左边单点,B - 左边长条中间、右边滑点,278,616,1033429,35 + 0.3
B,6,"Boys","Charli XCX",,红色,分开,256 + 771,A - 左下单点、右边单点^^^B - 左下单点,A - 左边单点^^^B - 右边长条中间,441,875,73 + 0.4,771,B - 左下单点,B - 右边长条中间,441,875,1472466,41 + 0.1
,,"我们是太阳","筷子兄弟",,红色,分开,273 + 615,A - 左下单点^^^B - 右下单点,A - 左边长条结尾、右边单点^^^B - 左边长条结尾,329,688,50 + 0.3,615,B - 右下单点,B - 左边长条结尾,329,688,990656,28 - 0.2
,,"滚烫的青春","王源",,红色,分开,127 + 252、127 + 257、128 + 252、128 + 257、129 + 252、129 + 257,A - 左边单点^^^B - 左下左滑条开始,A - 左下滑点^^^B - 左边长条结尾,207,455,55 - 0.4,252、257,B - 左下左滑条开始,B - 左边长条结尾,207,455,754876,29 - 0.4
E,8,"E.T.","Katy Perry",,,分开,272 + 504、272 + 506、272 + 508、272 + 518、273 + 504、273 + 506、273 + 508、273 + 518、274 + 504、274 + 506,A - 左边单点^^^B - 左边单点,A - 右边单点^^^B - 右边滑点,432,961,66 - 0.5,504、506、508、518,B - 左边单点,B - 右边滑点,432,961,1592624,33 + 0.0
C,9,"长安诀","汪苏泷",,,分开,160 + 825,A - 左边滑点、右下滑点^^^B - 左下滑点、右边滑点,A - 左边长条中间、中间长条中间^^^B - 中间长条中间、右边长条中间,557,1304,87 + 0.2,160、825,A - 左边滑点、右下滑点,A - 左边长条中间、中间长条中间,557,1304,2073863,44 - 0.4
,,"Girl in the Mirror","Bebe Rexha",,红色,分开,324 + 467、324 + 474,B - 左边单点^^^B - 左边右滑条开始,B - 左下滑点^^^B - 右边单点,306,614,60 + 0.0,324,B - 左边单点,B - 左下滑点,306,614,1029155,30 + 0.3
,,"观花","萌娜丽莎/郑冰冰",,红色,分开,215 + 499,A - 左下长条开始^^^B - 右边单点,A - 中间单点^^^B - 右下右滑条中间,314,652,62 + 0.0,499,B - 右边单点,B - 右下右滑条中间,314,652,1078737,31 + 0.0
,,"Bon Bon(给他一击)","强东玥",,,分开,181 + 410,A - 左边单点^^^B - 右边单点,A - 右下右滑条开始^^^B - 左下左滑条开始,315,625,52 - 0.4,181、410,A - 左边单点,A - 右下右滑条开始,315,625,1070422,26 - 0.2
U,9,"UNION","OxT",,,分开,274 + 769,A - 左边单点^^^B - 右边单点,A - 左下单点^^^B - 右下单点,508,1021,83 + 0.4,274、769,A - 左边单点,A - 左下单点,508,1021,1986595,42 - 0.3
G,8,"孤注一掷的舞者","DOES",100,,分开,305 + 748、305 + 767、305 + 768、305 + 769、305 + 770,A - 左边单点、右边单点^^^B - 左边左滑条右拐、右边长条开始,A - 左边单点^^^B - 左边单点、右边单点,533,1042,81 + 0.1,767、768、769、770,B - 右边单点,B - 右下单点,533,1042,1774602,42 + 0.1
M,7,"Magic Dream","APPRIL",,,分开,291 + 622,A - 左下单点^^^B - 右下单点,A - 左边长条结尾^^^B - 右边长条结尾,512,927,72 + 0.4,291、622,A - 左下单点,A - 左边长条结尾,512,927,1568149,36 + 0.2
,,"两人份美好","李俊毅",,红色,分开,250 + 389,B - 左边右滑条开始、右边长条开始^^^B - 右边单点,B - 左下滑点^^^B - 右边单点,250,602,61 - 0.5,250,B - 左边右滑条开始、右边长条开始,B - 左下滑点,250,602,1001310,30 + 0.3
,,"是我","张韶涵",,红色,分开,336 + 683,A - 左下左滑条中间、右边滑点^^^B - 左下滑点,A - 右下单点^^^B - 左边长条中间,495,1035,75 + 0.0,683,B - 左下滑点,B - 左边长条中间,495,1035,1402064,39 - 0.1
,,"青春大满贯","胡夏",,,分开,175 + 544,A - 左边滑点^^^B - 右边滑点,A - 右边单点^^^B - 左边单点,447,775,61 + 0.2,175、544,A - 左边滑点,A - 右边单点,447,775,1184705,31 - 0.4
V,9,"VORACITY","MYTH & ROID",,,分开,518 + 1064、518 + 1430、1064 + 1430,A - 左边滑点、右下滑点^^^B - 左下滑点、右边滑点,A - 左下长条中间、右边长条中间^^^B - 左边长条中间、右下长条中间,738,1650,80 - 0.2,518、1064、1430,A - 左边滑点、右下滑点,A - 左下长条中间、右边长条中间,738,1650,2536198,40 - 0.1
G,8,"工笔","Awaken-F",,,分开,170 + 635,A - 左边单点^^^B - 右边单点,A - 右下滑点^^^B - 左下滑点,377,842,70 + 0.0,170、635,A - 左边单点,A - 右下滑点,377,842,1731312,35 + 0.0
,,"漫过","吴映香",,红色,存气,286 + 500、286 + 548,A - 左边滑点^^^B - 左边滑点,A - 左下单点^^^B - 左下左滑条中间,325,645,64 + 0.2,160、503,A - 左边单点、右边单点,A - 左下单点,325,645,1099946,31 - 0.1
S,9,"Shiny","高颖浠",,,分开,424 + 629、629 + 1058,A - 右边长条中间、左下单点^^^A - 左下单点,A - 左边单点^^^A - 左边滑点、右边滑点,749,1370,102 - 0.3,629,A - 左下单点,A - 左边滑点、右边滑点,749,1370,2568440,60 + 0.1
,,"胡萝卜须","许嵩",,红色,分开,149 + 275、149 + 276、149 + 282,A - 右边滑点^^^A - 右边单点,A - 左边单点^^^A - 右边滑点,379,823,77 + 0.3,149,A - 右边滑点,A - 左边单点,379,823,1423387,42 - 0.2
M,8,"马上上马","庄园",,,分开,383 + 738,A - 左边单点^^^B - 右边单点,A - 右边单点^^^B - 左边单点,509,911,77 - 0.2,383、738,A - 左边单点,A - 右边单点,509,911,1726849,38 + 0.4
,,"爱在我身边","吴映洁",,红色,分开,96 + 247,A - 右边单点^^^B - 左边单点,A - 右边长条开始^^^B - 左边长条开始,163,359,56 + 0.4,247,B - 左边单点,B - 左边长条开始,163,359,681833,28 + 0.2
X,8,"響喜乱舞","GARNiDELiA",,,分开,180 + 587、180 + 589、180 + 623、180 + 625、180 + 587、180 + 589、180 + 623、180 + 625、180 + 587、180 + 589,A - 左下单点、右边单点^^^B - 左边单点、右下单点,A - 左下单点、右边单点^^^B - 左边单点、右下单点,467,873,72 - 0.2,180、182、216、218、587、589、623、625,A - 左下单点、右边单点,A - 左下单点、右边单点,467,873,1898176,36 - 0.1
,,"Badass Woman","Meghan Trainor",,红色,分开,179 + 367、179 + 368、179 + 375、179 + 376、179 + 367、179 + 368、179 + 375、179 + 376、179 + 367、179 + 368,A - 右下单点^^^B - 左下单点,A - 右下滑点^^^B - 左下滑点,250,533,48 + 0.0,179、180、187、188、367、368、375、376,A - 右下单点,A - 右下滑点,250,533,789270,24 + 0.0
,,"如果当时","胡夏",,红色,分开,319 + 520,B - 右下单点^^^B - 左边滑点、右边滑点,B - 左边单点^^^B - 右边单点,319,697,72 + 0.1,520,B - 左边滑点、右边滑点,B - 右边单点,319,697,1171377,40 - 0.1
Z,6,"最苦的甜","胡夏",,,分开,521 + 578、521 + 579,B - 左下单点^^^B - 右边右滑条左拐,B - 左下滑点^^^B - 右下单点,294,644,57 + 0.3,521,B - 左下单点,B - 左下滑点,294,644,1144505,30 - 0.5
F,10,"Flower Dance(困难版)","DJ OKAWARI",,,分开,432 + 621、434 + 621,B - 左边单点^^^B - 右下单点,B - 左边单点、右下单点^^^B - 左边单点、右下单点,358,946,81 - 0.4,621,B - 右下单点,B - 左边单点、右下单点,358,946,2005864,40 + 0.4
,,"HERO","李子璇",,红色,存气,193 + 355,A - 左边单点^^^B - 左下单点,A - 右边左滑条结尾、左下单点^^^B - 左边单点、右下滑点,268,587,74 + 0.4,366,B - 左下滑点,B - 左边单点、右下滑点,268,587,1147830,40 - 0.3
N,6,"那时正好","赵政豪",,,分开,301 + 709、301 + 710,B - 左边长条开始、右下长条开始^^^B - 左下单点,B - 右下单点^^^B - 左边长条结尾、右边长条结尾,301,867,60 - 0.2,301,B - 左边长条开始、右下长条开始,B - 右下单点,301,867,1335942,31 - 0.2
,,"我的名字","焦迈奇",,红色,分开,234 + 564、234 + 565、235 + 564、235 + 565,A - 左下单点^^^B - 右下单点,A - 右下单点^^^B - 左边单点,385,715,69 - 0.4,234、235,A - 左下单点,A - 右下单点,385,715,1272673,35 + 0.3
,,"最好的天气","郭采洁",,红色,分开,389 + 465,B - 右下单点^^^B - 左下单点,B - 左边单点^^^B - 右边单点,221,553,53 + 0.0,389、465,B - 右下单点,B - 左边单点,221,553,989196,27 - 0.5
Z,8,"仲夏","王北车",50,,分开,424 + 985,A - 左边滑点、右边滑点^^^B - 左边滑点、右边滑点,A - 左下左滑条中间^^^B - 右下右滑条中间,568,1337,77 + 0.2,424、985,A - 左边滑点、右边滑点,A - 左下左滑条中间,568,1337,2179946,39 - 0.4
A,8,"爱情的花样","孙燕姿",,,分开,247 + 631,A - 左边滑点^^^B - 右边滑点,A - 左下单点、右边单点^^^B - 左边单点、右下单点,374,758,76 + 0.2,247、631,A - 左边滑点,A - 左下单点、右边单点,374,758,1602965,38 + 0.1
R,8,"Rookie","Red Velvet",,,分开,99 + 165、99 + 645、99 + 165、99 + 645、99 + 165、99 + 645、99 + 165、99 + 645、99 + 165、99 + 645,A - 右下滑点^^^A - 左下左滑条中间,A - 左边单点、右下单点^^^A - 右下滑点,368,923,70 - 0.1,99,A - 右下滑点,A - 左边单点、右下单点,368,923,1707999,35 + 0.1
C,7,"宠坏","李俊佑/小潘潘",,,分开,250 + 343、250 + 344、250 + 346、250 + 617、250 + 618、250 + 620、250 + 710、250 + 711、250 + 713、251 + 343,A - 左边单点^^^A - 右边单点,A - 右下单点^^^A - 左下单点,436,803,65 + 0.2,250、251、253、343、344、346、617、618、620、710,A - 左边单点,A - 右下单点,436,803,1505862,33 - 0.4
,,"Señorita","Shawn Mendes/Camila Cabello",,红色,分开,199 + 275、199 + 276,B - 左下单点^^^B - 右下单点,B - 右边单点^^^B - 左下单点,199,514,52 + 0.3,199,B - 左下单点,B - 右边单点,199,514,874407,27 - 0.5
,,"藏不住的心跳","朱主爱",,红色,分开,214 + 411,A - 左边单点^^^B - 左下单点,A - 右下单点^^^B - 右边单点,282,545,65 + 0.4,214,A - 左边单点,A - 右下单点,282,545,992528,33 + 0.3
W,6,"When You Know What Love Is","Craig David",,红色,分开,175 + 484,A - 左边单点、右边单点^^^B - 左边单点、右边单点,A - 左边单点^^^B - 右边单点,347,656,67 + 0.0,175、484,A - 左边单点、右边单点,A - 左边单点,347,656,1120505,34 - 0.5
L,7,"凉凉(困难版)","杨宗纬/张碧晨",,,分开,588 + 896,A - 左下单点、右下单点^^^A - 左下单点、右下单点,A - 右下滑点^^^A - 左下滑点,1007,1857,88 + 0.4,588,A - 左下单点、右下单点,A - 右下滑点,1007,1857,2651209,44 + 0.2
Q,7,"倾杯","SING女团",,红色,存气,397 + 748,A - 左边单点、右边单点^^^B - 左下左滑条开始、右边长条开始,A - 右下单点^^^B - 右边单点,452,870,76 - 0.2,762,B - 左边单点、右边单点,B - 左下滑点,452,870,1459906,39 + 0.1
,,"狂风里拥抱","信/A-Lin",,红色,分开,602 + 832、607 + 832、608 + 832、616 + 832,B - 右边滑点^^^B - 左边单点、右边单点,B - 左边左滑条结尾、右边左滑条结尾^^^B - 左边右滑条中间、右边左滑条中间,485,1048,94 - 0.4,602、607、608、616,B - 右边滑点,B - 左边左滑条结尾、右边左滑条结尾,485,1048,1663332,47 + 0.0
G,7,"灌溉爱","郭采洁",,,分开,328 + 730,A - 左边单点^^^B - 右边单点,A - 右边左滑条中间^^^B - 左边右滑条中间,465,863,69 + 0.2,328、730,A - 左边单点,A - 右边左滑条中间,465,863,1361432,35 - 0.4
,,"带我走","杨丞琳",,红色,分开,147 + 633,A - 左边单点、右下单点^^^B - 左下单点、右边单点,A - 左边长条中间、右边长条中间^^^B - 左边长条中间、右边长条中间,434,903,80 + 0.0,147、633,A - 左边单点、右下单点,A - 左边长条中间、右边长条中间,434,903,1366176,40 + 0.0
F,8,"Faded(困难版)","Alan Walker",,,分开,197 + 968,A - 左边右滑条开始、右边左滑条开始^^^B - 左下左滑条开始、右边左滑条开始,A - 左下左滑条中间、右边左滑条中间^^^B - 右边左滑条中间,850,1640,80 + 0.0,197,A - 左边右滑条开始、右边左滑条开始,A - 左下左滑条中间、右边左滑条中间,850,1640,2407383,41 + 0.1
,,"Carry on","Monsta X",,红色,分开,104 + 321、104 + 355,A - 右下单点^^^B - 左边单点,A - 右下单点^^^B - 右边单点,256,496,57 + 0.3,321、355,B - 左边单点,B - 右边单点,256,496,891968,29 - 0.2
Z,9,"钻石微笑","Run Girls, Run！",,,分开,368 + 593、368 + 599、368 + 603,A - 左下左滑条开始、右下单点^^^A - 左边长条开始,A - 右下右滑条中间、左边单点^^^A - 左边右滑条结尾,717,1424,87 + 0.1,593、599、603,A - 左边长条开始,A - 左边右滑条结尾,717,1424,2521961,46 + 0.0
,,"德寿宫石墙路的春天","允儿/10cm",,红色,分开,136 + 347,A - 左边单点^^^B - 左边单点、右边单点,A - 右下滑点^^^B - 右边滑点,282,497,61 - 0.2,347,B - 左边单点、右边单点,B - 右边滑点,282,497,879624,31 - 0.3
,,"超大只怪兽","焦迈奇",,红色,分开,153 + 370、154 + 370、155 + 370,A - 右下单点^^^B - 左下左滑条开始,A - 左下左滑条结尾^^^B - 左下单点,230,431,57 - 0.2,153、154、155,A - 右下单点,A - 左下左滑条结尾,230,431,758191,30 - 0.3
K,6,"Kids in the Dark","All Time Low",,,分开,216 + 542,A - 右边单点^^^B - 左边单点,A - 左下单点^^^B - 右下单点,346,713,61 + 0.0,216、542,A - 右边单点,A - 左下单点,346,713,1282882,31 - 0.5
,,"盲眼画师","河图",,,分开,417 + 851,A - 左边长条开始、右边长条开始^^^B - 左边长条开始、右边长条开始,A - 左边长条中间、右边长条中间^^^B - 左边长条中间、右边长条中间,581,1015,82 + 0.0,417、851,A - 左边长条开始、右边长条开始,A - 左边长条中间、右边长条中间,581,1015,1569736,41 + 0.0
,,"Don't Need Your Love","NCT DREAM/HRVY",,,分开,92 + 357,A - 右下单点^^^B - 左下单点,A - 左边单点、右边单点^^^B - 左边单点、右边单点,320,614,57 - 0.4,357,B - 左下单点,B - 左边单点、右边单点,320,614,1073845,28 + 0.3
,,"I like you(炫舞音乐季主题曲)","孟美岐",100,,分开,36 + 401,A - 左边滑点^^^A - 右下右滑条中间,A - 左边单点^^^A - 左边单点、右边滑点,472,1005,84 + 0.2,36,A - 左边滑点,A - 左边单点,472,1005,1796971,43 + 0.0
F,9,"flower of sorrow","花たん",,,分开,289 + 882,A - 左边单点^^^B - 右边单点,A - 左边滑点、右边滑点^^^B - 左边滑点、右边滑点,577,1239,83 - 0.2,289、882,A - 左边单点,A - 左边滑点、右边滑点,577,1239,2149452,41 + 0.4
C,9,"courage","戸松遥",,,存气,634 + 1144,A - 左下单点、右边单点^^^B - 右边滑点,A - 左边右滑条结尾、右边单点^^^B - 左边长条结尾、右边长条结尾,676,1419,69 - 0.1,1144,B - 右边滑点,B - 左下单点,676,1419,2042516,35 + 0.2
H,6,"好想告诉你","谷泽智文",,,分开,195 + 510,A - 右下右滑条中间^^^B - 左下左滑条中间,A - 左边单点、右下单点^^^B - 左下单点、右边单点,319,746,69 - 0.2,510,B - 左下左滑条中间,B - 左下单点、右边单点,319,746,1324800,35 - 0.1
W,6,"我只喜欢你","胡夏",,,分开,626 + 689,B - 右下单点^^^B - 左下滑点,B - 右边长条中间、左下单点^^^B - 左边单点、右边单点,311,832,60 - 0.1,689,B - 左下滑点,B - 左边单点、右边单点,311,832,1417919,32 - 0.2
R,10,"R.1.S.E","R1SE",,,分开,236 + 425、236 + 1032、237 + 425、237 + 1032,A - 左边右滑条中间^^^A - 左边单点,A - 中间滑点^^^A - 右下右滑条中间,675,1398,77 - 0.5,236,A - 左边右滑条中间,A - 中间滑点,675,1398,2286986,39 - 0.2
B,7,"白衣少年","许诗茵",,,存气,472 + 829,A - 右下滑点^^^B - 左下滑点,A - 左边单点、右边单点^^^B - 右下单点,495,1081,67 + 0.2,859,B - 左边单点,B - 左下单点、右边单点,495,1081,1735561,33 + 0.0
M,8,"MARIA","黄明昊/KOHH",,,分开,522 + 783、524 + 783,B - 右边单点^^^B - 左下长条中间、右下长条中间,B - 右边单点^^^B - 左边单点、中间单点,459,895,71 - 0.3,783,B - 左下长条中间、右下长条中间,B - 左边单点、中间单点,459,895,1521999,36 - 0.2
,,"Lil Mama","Jain",,红色,分开,148 + 382,A - 右下单点^^^B - 左下单点,A - 右下滑点^^^B - 右边滑点,300,561,64 + 0.0,148,A - 右下单点,A - 右下滑点,300,561,975125,32 + 0.3
D,8,"单线告别","接个吻，开一枪/刘至佳",,,分开,416 + 851,A - 左下单点、右边左滑条开始^^^B - 左边右滑条开始、右下单点,A - 右下单点^^^B - 左下单点,512,981,73 + 0.0,416、851,A - 左下单点、右边左滑条开始,A - 右下单点,512,981,1721830,37 - 0.5
,,"Turn Up","周汤豪",,红色,分开,180 + 494,A - 左下单点^^^B - 右下单点,A - 左下单点^^^B - 右下单点,293,594,59 - 0.2,180、494,A - 左下单点,A - 左下单点,293,594,1021149,29 + 0.4
F,7,"Focus","TANGRAM",,,分开,710 + 817,B - 右下单点^^^B - 右下单点,B - 右边滑点^^^B - 左边滑点,378,944,77 - 0.4,710,B - 右下单点,B - 右边滑点,378,944,1605992,40 + 0.3
,,"鍵ノ間","黒兎ウル",,,分开,117 + 912、117 + 913、117 + 914、432 + 894、432 + 895、433 + 894、433 + 895,A - 左边滑点^^^B - 左下单点,A - 左下单点、右边单点^^^B - 左边滑点、右边单点,452,1016,87 + 0.1,912、913、914,B - 左下单点,B - 左边滑点、右边单点,452,1016,2183266,46 + 0.0
,,"着陆","白举纲",,,分开,135 + 389,A - 右下单点^^^B - 左下单点,A - 右下右滑条中间^^^B - 左下左滑条中间,271,648,55 - 0.2,135、389,A - 右下单点,A - 右下右滑条中间,271,648,1128389,27 + 0.4
A,8,"A型のうた","西野カナ",,,分开,68 + 505,A - 左下单点^^^B - 右下单点,A - 右边左滑条结尾、左边单点^^^B - 左边右滑条结尾、右边单点,424,860,68 + 0.2,505,B - 右下单点,B - 左边右滑条结尾、右边单点,424,860,1570738,34 + 0.1
,,"永世のクレイドル","鈴華ゆう子",,,分开,555 + 934、556 + 934,B - 左下单点^^^B - 左边长条结尾、右边左滑条开始,B - 左边右滑条结尾、右边单点^^^B - 左下单点、右边单点,489,1039,75 - 0.3,555、556,B - 左下单点,B - 左边右滑条结尾、右边单点,489,1039,1489934,38 + 0.1
G,6,"更发光","以团之名",,,分开,320 + 610、505 + 610,A - 右下滑点^^^B - 左下单点,A - 左边单点^^^B - 右下右滑条结尾,403,711,53 + 0.2,588、589、591、592、597、598、607、610,B - 左下单点,B - 左边长条结尾,403,711,1224661,27 - 0.2
,,"BEE","Rothy",,红色,分开,121 + 477,A - 右边左滑条中间^^^B - 左下左滑条开始、右边长条开始,A - 左下滑点^^^B - 右边单点,357,665,73 - 0.2,121,A - 右边左滑条中间,A - 左下滑点,357,665,1030520,37 + 0.2
,,"Ever After","Alice",,,分开,370 + 805,A - 左下滑点^^^B - 右下滑点,A - 左下滑点^^^B - 右下滑点,441,908,62 - 0.2,370、805,A - 左下滑点,A - 左下滑点,441,908,1325261,31 - 0.1
S,6,"Sunny Side Up!","Red Velvet",,红色,分开,264 + 541,A - 左边滑点^^^B - 右下单点,A - 左下单点^^^B - 左边单点,355,681,58 - 0.4,264,A - 左边滑点,A - 左下单点,355,681,1043875,29 + 0.4
,,"Let Me Hear","Fear, and Loathing in Las Vegas",,,分开,1310 + 1624、1312 + 1624、1313 + 1624、1319 + 1624、1321 + 1624、1322 + 1624、1324 + 1624、1325 + 1624,B - 左边单点、右边单点^^^B - 右边单点,B - 左边滑点、右边滑点^^^B - 左边单点,900,1731,145 + 0.4,1310、1312、1313、1319、1321、1322、1324、1325,B - 左边单点、右边单点,B - 左边滑点、右边滑点,900,1731,3577472,82 - 0.4
,,"七つ紅葉灯","木制みゅーと",,,分开,472 + 1271,A - 左边单点、右下单点^^^B - 左边单点、右边单点,A - 左边左滑条中间、右边单点^^^B - 左下单点、右下滑点,759,1499,119 + 0.3,467、472,A - 左下单点、右边滑点,A - 左边右滑条中间、右下单点,759,1499,3366481,60 + 0.2
D,8,"DEAREST DROP","田所あずさ",,,分开,232 + 542,A - 右下滑点^^^A - 左边长条开始,A - 左边长条结尾^^^A - 右下长条结尾、右边长条结尾,661,1223,80 + 0.4,232,A - 右下滑点,A - 左边长条结尾,661,1223,2010821,41 + 0.2
A,7,"Angel With A Shotgun","Nightcore",,,分开,208 + 501,A - 左下单点^^^B - 右下单点,A - 左边单点^^^B - 右边单点,411,906,74 + 0.4,208、501,A - 左下单点,A - 左边单点,411,906,1477405,37 + 0.2
D,9,"当妮走了","徐真真",,,分开,354 + 414、354 + 415、354 + 416、354 + 417、355 + 414、355 + 415、355 + 416、355 + 417、356 + 414、356 + 415,A - 左下单点^^^B - 左边单点,A - 右边单点^^^B - 左边单点,414,852,79 + 0.0,354、356、357、358、360、361、362、364、365、366,A - 左下单点,A - 右边单点,414,852,1791840,40 - 0.2
,,"长安巷","排骨教主",,红色,分开,160 + 233,A - 左边单点^^^B - 左边单点,A - 左边单点^^^B - 右下右滑条中间,230,475,63 + 0.4,160,A - 左边单点,A - 左边单点,230,475,871732,32 - 0.2
W,9,"五等分の気持ち","花泽香菜/竹達彩奈/伊藤美来/佐倉綾音/水瀬いのり",,,分开,843 + 1084、843 + 1085、844 + 1084、844 + 1085,B - 左下单点^^^B - 右下单点,B - 左边右滑条结尾^^^B - 左下单点,600,1234,89 + 0.0,1084、1085,B - 右下单点,B - 左下单点,600,1234,2233810,46 + 0.2
,,"I Still Do","Why Don't We",,红色,分开,11 + 231,A - 左下单点^^^A - 右下单点,A - 右下右滑条开始^^^A - 右边单点,286,490,55 - 0.1,231,A - 右下单点,A - 右边单点,286,490,810777,26 + 0.4
W,6,"我很快乐","刘惜君",,红色,分开,205 + 423、205 + 424、205 + 425、205 + 423、205 + 424、205 + 425、205 + 423、205 + 424、205 + 425、205 + 423,A - 右下单点^^^B - 左下单点,A - 左边单点、右边单点^^^B - 左边单点、右边单点,308,624,62 + 0.2,205、206、207、423、424、425,A - 右下单点,A - 左边单点、右边单点,308,624,1119238,31 + 0.1
C,6,"彻底","庄心妍",,,分开,737 + 885,B - 左边单点、右边单点^^^B - 右边长条中间,B - 右边长条中间^^^B - 左边单点,499,1048,63 + 0.0,885,B - 右边长条中间,B - 左边单点,499,1048,1748174,32 + 0.0
,,"我的朋友","TFBOYS",,,分开,268 + 360、268 + 804、268 + 836、268 + 865、268 + 896、269 + 360、269 + 804、269 + 836、269 + 865、269 + 896,A - 左边单点^^^A - 右边单点,A - 左下滑点^^^A - 右边单点,566,1154,76 + 0.0,268、300、329、360、804、836、865、896,A - 左边单点,A - 左下滑点,566,1154,1931449,38 + 0.0
Q,10,"琪露诺的完美算术教室","IOSYS",,,存气,790 + 883、792 + 883,A - 左下单点^^^B - 左边单点,A - 左边右滑条结尾、右边左滑条结尾^^^B - 左边单点,855,1587,121 + 0.1,883、884、885、886、887、888、889、890、891、892,B - 左边单点,B - 右下单点,855,1587,3394572,66 - 0.5
,,"One In A Billion","Wake Up, May'n!",,,分开,759 + 1003,B - 左边左滑条右拐、右边长条开始^^^B - 左下单点,B - 左下单点^^^B - 左下单点、右边单点,541,1171,72 + 0.1,759,B - 左边左滑条右拐、右边长条开始,B - 左下单点,541,1171,2002351,37 - 0.3
,,"别爱太满别睡太晚","贺一航",,,分开,449 + 514,B - 右下单点^^^B - 右边左滑条中间,B - 右边长条中间^^^B - 左下单点,336,749,58 + 0.0,449,B - 右下单点,B - 右边长条中间,336,749,1229775,30 - 0.4
,,"两小无猜","小木",,红色,分开,230 + 452,A - 右边单点^^^B - 右边单点,A - 右边单点^^^B - 左边长条结尾、右边长条结尾,309,705,70 + 0.4,452,B - 右边单点,B - 左边长条结尾、右边长条结尾,309,705,1255204,38 + 0.2
,,"Brand New Story","GENERATIONS from EXILE TRIBE",,红色,分开,96 + 342,A - 右下单点^^^B - 左下单点,A - 右下单点^^^B - 左下单点,246,588,56 - 0.2,96,A - 右下单点,A - 右下单点,246,588,993669,28 + 0.2
I,8,"I am YOU","Stray Kids",,,分开,427 + 792,A - 右下滑点^^^B - 左下滑点,A - 左边单点^^^B - 右边单点,573,985,75 - 0.4,427、792,A - 右下滑点,A - 左边单点,573,985,1557545,37 + 0.3
,,"アリエラ","佐香智久/天月-あまつき-",,红色,分开,457 + 780,B - 右边长条中间、左边单点^^^B - 右边左滑条中间,B - 左边长条结尾、右边单点^^^B - 右边单点,356,858,92 + 0.1,457,B - 右边长条中间、左边单点,B - 左边长条结尾、右边单点,356,858,1734119,49 + 0.0
,,"Shatter Me","Lindsey Stirling/Lzzy Hale",,,分开,1076 + 1330,B - 左下单点^^^B - 右边单点,B - 左下滑点^^^B - 右下单点,871,1501,129 + 0.1,1330,B - 右边单点,B - 右下单点,871,1501,2530244,65 + 0.4
,,"All Mine","f(x)",,红色,分开,77 + 467,A - 左下左滑条中间^^^B - 右下长条开始,A - 左边右滑条结尾^^^B - 右边单点,383,743,58 + 0.2,467,B - 右下长条开始,B - 右边单点,383,743,1065455,30 - 0.5
,,"Come Back Down","Mediks",100,,分开,242 + 1104,A - 中间单点^^^B - 中间单点,A - 左下单点、右边单点^^^B - 左边单点、右下单点,826,1616,96 + 0.4,242、1104,A - 中间单点,A - 左下单点、右边单点,826,1616,2919197,48 + 0.2
,,"Sweet but Psycho","Ava Max",,,分开,180 + 437、437 + 743,A - 右下单点^^^B - 左下单点,A - 左边单点^^^B - 右边单点,357,842,60 + 0.0,180、437,A - 右下单点,A - 左边单点,357,842,1528434,30 + 0.0
S,6,"SHOOT IT OUT","GENERATIONS from EXILE TRIBE/THE RAMPAGE from EXILE TRIBE",,,分开,281 + 665、281 + 666、282 + 665、282 + 666,A - 左下单点^^^B - 右下单点,A - 左边单点^^^B - 右边单点,340,804,61 - 0.4,281、282、665、666,A - 左下单点,A - 左边单点,340,804,1345289,30 + 0.3
,,"赝品","简弘亦",,红色,分开,191 + 358,A - 左边单点^^^B - 右边单点,A - 左边单点^^^B - 右边单点,241,490,54 - 0.4,358,B - 右边单点,B - 右边单点,241,490,976191,27 + 0.0
G,10,"冠世一战","言和",100,,分开,493 + 1102,A - 中间长条中间、右边单点^^^B - 左边单点、右边单点,A - 左边滑点^^^B - 右下单点,810,1943,95 - 0.1,1102,B - 左边单点、右边单点,B - 右下单点,810,1943,3219331,51 - 0.4
,,"I Want You to Know","Zedd/Selena Gomez",,,分开,277 + 587,A - 右下单点^^^B - 左下单点,A - 右边滑点^^^B - 左边滑点,430,873,53 + 0.3,277,A - 右下单点,A - 右边滑点,430,873,1324792,27 + 0.1
,,"新青年","李行亮",,红色,分开,277 + 543,A - 左边单点、右边单点^^^B - 右边单点,A - 左下单点^^^B - 右边单点,332,648,59 + 0.3,543,B - 右边单点,B - 右边单点,332,648,1028766,30 + 0.0
,,"灿烂之夏","王子异",,红色,分开,159 + 388,A - 左边单点、右边单点^^^B - 左边单点、右边单点,A - 右下单点^^^B - 左下单点,242,471,68 + 0.4,159、388,A - 左边单点、右边单点,A - 右下单点,242,471,887571,34 + 0.2
T,8,"淘气堡","Chic Chili",,,分开,129 + 667、667 + 1165,A - 左边单点、右边单点^^^B - 左边单点、右边单点,A - 右下滑点^^^B - 左下滑点,622,1448,83 + 0.4,129、667,A - 左边单点、右边单点,A - 右下滑点,622,1448,2188078,42 - 0.3
,,"Summer Time","倖田來未",,,分开,477 + 933,A - 左边长条开始、右下单点^^^B - 左下单点、右边长条开始,A - 左边长条开始、右边单点^^^B - 左边单点、右边长条开始,558,1061,78 + 0.0,477、933,A - 左边长条开始、右下单点,A - 左边长条开始、右边单点,558,1061,1885976,39 + 0.0
,,"光耀","梁心颐",,红色,分开,280 + 616,A - 右边单点^^^B - 左边单点,A - 中间单点^^^B - 中间单点,354,690,67 - 0.2,280、616,A - 右边单点,A - 中间单点,354,690,1168204,33 + 0.4
,,"Getaway","Syn Cole",,,分开,507 + 567,B - 右下单点^^^B - 右边单点,B - 左下单点^^^B - 左下单点,259,650,49 + 0.4,567,B - 右边单点,B - 左下单点,259,650,1108768,25 - 0.3
R,10,"Remember","FTISLAND",,,分开,947 + 1861,A - 左边单点、右边单点^^^B - 左下滑点、右边滑点,A - 左边长条中间、右下长条中间^^^B - 左边长条中间、右边长条中间,1098,2015,84 - 0.5,1861,B - 左下滑点、右边滑点,B - 左边长条中间、右边长条中间,1098,2015,2922890,42 - 0.1
,,"HIT","SEVENTEEN",,,分开,301 + 580,A - 右下单点^^^B - 左下单点,A - 左边单点^^^B - 右边单点,351,675,55 + 0.4,301、580,A - 右下单点,A - 左边单点,351,675,1224777,28 - 0.3
,,"Dreams Come True","徐明浩",,,分开,73 + 216、73 + 217,A - 左边滑点^^^A - 右下单点,A - 左边单点^^^A - 右下滑点,294,584,56 - 0.2,73,A - 左边滑点,A - 左边单点,294,584,1086659,29 - 0.5
,,"唱起这首歌","刘人语",,,分开,227 + 578、227 + 579、228 + 578、228 + 579,A - 左边单点^^^B - 右边单点,A - 左边单点^^^B - 右边单点,372,723,64 + 0.0,227、228、578、579,A - 左边单点,A - 左边单点,372,723,1275645,32 + 0.0
B,6,"Birthday","罗志祥",,,分开,313 + 471、313 + 472、314 + 471、314 + 472,A - 右边单点^^^B - 左边单点,A - 右边单点^^^B - 右边单点,471,791,57 - 0.2,471、472,B - 左边单点,B - 右边单点,471,791,1323358,29 - 0.4
,,"Good Girl 赶快爱","陈芳语",,红色,分开,147 + 533、147 + 535、148 + 533、148 + 535、149 + 533、149 + 535,A - 右边单点^^^B - 左边单点,A - 左边单点^^^B - 右边单点,334,720,67 + 0.0,147、149、533、535,A - 右边单点,A - 左边单点,334,720,1261535,34 - 0.5
,,"空白少女电子祭","天音/zun",,,存气,363 + 798,A - 左边单点^^^B - 右边滑点,A - 左边长条结尾、右边单点^^^B - 左下滑点、右下滑点,392,938,72 - 0.3,840,B - 左下长条开始,B - 左下滑点、右下滑点,392,938,1703108,37 - 0.2
L,8,"Last One Standing","Simple Plan",,,存气,358 + 825,A - 左边长条开始、右边单点^^^B - 左边单点、右边长条开始,A - 左下左滑条结尾、右边左滑条结尾^^^B - 右边长条中间,426,1145,78 - 0.3,825,B - 左边单点、右边长条开始,B - 左下左滑条中间,426,1145,1922763,40 - 0.4
S,6,"SHOW THE WORLD","林俊杰",,红色,分开,108 + 547、108 + 548、108 + 550,A - 左下滑点^^^B - 左下单点,A - 右边单点^^^B - 右边滑点,364,609,54 - 0.2,547、548、550,B - 左下单点,B - 右边滑点,364,609,958740,27 + 0.0
,,"孤身","徐秉龙",,红色,分开,192 + 331、192 + 332、192 + 333,A - 左边滑点^^^B - 右下单点,A - 右下单点^^^B - 左下单点,267,511,52 + 0.1,192,A - 左边滑点,A - 右下单点,267,511,876385,27 - 0.2
,,"Time with you","圭贤",,红色,分开,122 + 338,A - 右下单点^^^B - 左下滑点,A - 左下单点^^^B - 右边单点,221,415,48 - 0.1,122,A - 右下单点,A - 左下单点,221,415,711120,24 + 0.0
A,9,"Another(Feat. 王嘉尔)","秦奋",100,,分开,311 + 1281,A - 右边单点^^^B - 左边单点、右边单点,A - 左下左滑条结尾、右边单点^^^B - 左边长条中间、右下右滑条中间,692,1422,80 - 0.3,311,A - 右边单点,A - 左下左滑条结尾、右边单点,692,1422,2365847,40 + 0.1
W,7,"我的告白","王栎鑫/周文杰",,,分开,395 + 859,A - 右边长条开始^^^B - 左边长条开始,A - 左边长条中间^^^B - 右边长条中间,639,1103,76 + 0.0,395、859,A - 右边长条开始,A - 左边长条中间,639,1103,1801090,38 + 0.0
R,8,"Radiant","TANGRAM",,,分开,335 + 838,A - 左下右滑条左拐、右下滑点^^^B - 右下左滑条右拐、左下滑点,A - 右边左滑条中间、左边单点^^^B - 左边右滑条中间、右边单点,525,1073,79 + 0.4,335、838,A - 左下右滑条左拐、右下滑点,A - 右边左滑条中间、左边单点,525,1073,1754718,40 - 0.3
,,"Leave Out All The Rest","Linkin Park",,,分开,1150 + 1349,B - 左边单点、右下右滑条开始^^^B - 右边左滑条开始,B - 右下单点^^^B - 左边长条结尾、右边长条中间,660,1477,82 - 0.2,1349,B - 右边左滑条开始,B - 左边长条结尾、右边长条中间,660,1477,1993388,41 + 0.0
,,"春、恋桜。","majiko",,红色,分开,99 + 275、99 + 276、99 + 277、99 + 278、99 + 275、99 + 276、99 + 277、99 + 278、99 + 275、99 + 276,A - 左边单点^^^B - 右下单点,A - 左下单点^^^B - 左边右滑条结尾,189,400,45 + 0.4,99、100、275、276、277、278,A - 左边单点,A - 左下单点,189,400,730416,23 - 0.3
,,"Leaving California","Maroon 5",,红色,分开,182 + 528、182 + 529、182 + 530、182 + 535、182 + 539、183 + 528、183 + 529、183 + 530、183 + 535、183 + 539,A - 左下单点^^^B - 右下单点,A - 右下单点^^^B - 左下单点,318,663,53 - 0.2,182、183、184、189、193、528、529、530、535、539,A - 左下单点,A - 右下单点,318,663,971489,26 + 0.4
Q,7,"群居动物","胡66",,,分开,146 + 583,A - 左边滑点^^^B - 右下滑点,A - 右边单点^^^B - 左边单点,394,772,74 + 0.2,146,A - 左边滑点,A - 右边单点,394,772,1519059,37 + 0.3
,,"DAYS of DASH","鈴木このみ",,,分开,246 + 859、246 + 861、246 + 859、246 + 861、246 + 859、246 + 861、248 + 859、248 + 861、248 + 859、248 + 861,A - 左边单点、右下单点^^^B - 左下单点、右边单点,A - 左边滑点、右下滑点^^^B - 左下滑点、右边滑点,613,1226,78 + 0.0,246、248、859、861,A - 左边单点、右下单点,A - 左边滑点、右下滑点,613,1226,1988246,39 + 0.0
,,"有你我就不孤单","罗志祥/恺乐/C.T.O",,,分开,348 + 687,A - 左边单点^^^B - 右边单点,A - 右边左滑条右拐^^^B - 左边右滑条左拐,416,891,69 + 0.0,348、687,A - 左边单点,A - 右边左滑条右拐,416,891,1557380,35 - 0.5
D,6,"地铁等待","张紫豪",,,分开,389 + 793,A - 左下单点^^^B - 右下单点,A - 右边单点^^^B - 左边单点,477,881,54 + 0.4,389、793,A - 左下单点,A - 右边单点,477,881,1340900,27 + 0.2
,,"Light up","刘人语",,,分开,259 + 1271、851 + 1271,A - 左边单点^^^B - 左边单点、右边单点,A - 左边单点^^^B - 左边单点,691,1359,91 + 0.3,1271,B - 左边单点、右边单点,B - 左边单点,691,1359,2634379,47 - 0.2
,,"世界は恋に落ちている","CHiCO with HoneyWorks",,,分开,478 + 597,B - 左边单点^^^B - 左边长条中间,B - 右边滑点^^^B - 左边左滑条结尾、右边左滑条结尾,328,689,67 - 0.3,597,B - 左边长条中间,B - 左边左滑条结尾、右边左滑条结尾,328,689,1431148,34 - 0.5
,,"好喜欢你","颜人中",,红色,分开,203 + 381,B - 左边单点、右边单点^^^B - 左边单点、右边单点,B - 左边左滑条开始^^^B - 右边右滑条开始,181,448,62 + 0.4,203,B - 左边单点、右边单点,B - 左边左滑条开始,181,448,841249,31 + 0.2
,,"Pink Magic","艺声",,,分开,220 + 422,A - 右下单点^^^B - 左下单点,A - 右边单点^^^B - 左边单点,296,598,48 + 0.4,220、422,A - 右下单点,A - 右边单点,296,598,1010322,24 + 0.2
B,6,"Break The Rules","Charli XCX",,红色,分开,289 + 471、297 + 463,A - 左下长条开始^^^B - 右边单点,A - 左边单点^^^B - 右下单点,338,649,72 - 0.5,471,B - 右边单点,B - 右下单点,338,649,1280620,37 - 0.4
F,8,"浮年盏","刘珂矣",,,分开,969 + 1173,B - 左下左滑条中间^^^B - 右边左滑条中间、左边长条中间,B - 右边长条结尾、左边单点^^^B - 右边滑点,583,1284,77 + 0.0,1173,B - 右边左滑条中间、左边长条中间,B - 右边滑点,583,1284,2010983,40 - 0.5
L,9,"啰哩叭唆","陈嘉桦",,,分开,48 + 484、48 + 485,A - 右下单点^^^B - 右下单点,A - 左下单点^^^B - 左边滑点,418,858,74 + 0.2,484、485,B - 右下单点,B - 左边滑点,418,858,1795768,37 + 0.1
,,"我们很好","林俊杰",,红色,分开,239 + 314,B - 右下右滑条开始^^^B - 左下单点,B - 右边单点^^^B - 右边单点,234,456,52 + 0.3,239,B - 右下右滑条开始,B - 右边单点,234,456,746385,26 + 0.4
,,"Snapping","金请夏",,红色,分开,164 + 443,A - 左下单点、右边单点^^^B - 左边单点、右下单点,A - 右边滑点^^^B - 左边滑点,257,569,64 + 0.0,164、443,A - 左下单点、右边单点,A - 右边滑点,257,569,1061850,32 + 0.0
,,"树洞","欧阳娜娜",,,分开,723 + 837,B - 左边长条开始、右边单点^^^B - 右下单点,B - 左边右滑条中间^^^B - 右边左滑条结尾、左边单点,550,1002,72 - 0.5,723,B - 左边长条开始、右边单点,B - 左边右滑条中间,550,1002,1541647,38 + 0.3
,,"别再靠近我了","陈雪凝",,红色,分开,712 + 822,B - 左边单点、右边单点^^^B - 左边滑点、右边长条开始,B - 右边左滑条中间、左边左滑条中间^^^B - 左边长条中间、右边长条中间,453,931,83 + 0.2,712,B - 左边单点、右边单点,B - 右边左滑条中间、左边左滑条中间,453,931,1433473,43 + 0.4
,,"好奇的猫","胡66",,红色,分开,177 + 500、177 + 502、179 + 500、179 + 502,A - 右边单点^^^B - 左边单点,A - 左边单点^^^B - 右边单点,350,668,62 - 0.4,177、179、500、502,A - 右边单点,A - 左边单点,350,668,1153962,31 - 0.2
,,"流光记","银临",,红色,分开,172 + 242、172 + 245、172 + 247、173 + 242、173 + 245、173 + 247,A - 右边左滑条右拐^^^A - 左边滑点,A - 左边单点^^^A - 右下单点,355,651,63 - 0.4,172、173,A - 右边左滑条右拐,A - 左边单点,355,651,1169186,31 + 0.3
L,7,"Light","San Holo",,,分开,206 + 711、207 + 711、208 + 711,A - 右边单点^^^B - 右边单点,A - 左边滑点^^^B - 右边滑点,462,975,86 + 0.4,711,B - 右边单点,B - 右边滑点,462,975,1707024,44 + 0.2
,,"カーストルーム","ZAQ",,,分开,1055 + 1152,B - 右边左滑条结尾、左下长条开始^^^B - 右下长条结尾,B - 右边单点^^^B - 右下长条结尾,507,1252,73 + 0.1,1152,B - 右下长条结尾,B - 右下长条结尾,507,1252,1875539,38 + 0.1
W,6,"我要飞","飞儿乐团",,,分开,104 + 646、104 + 647、105 + 646、105 + 647、105 + 646、105 + 647、105 + 646、105 + 647、105 + 646、105 + 647,A - 右边单点^^^B - 右下单点,A - 左下单点^^^B - 右边单点,384,814,63 - 0.1,104、105、106,A - 右边单点,A - 左下单点,384,814,1279696,32 + 0.1
,,"傻了吧","大张伟",,,分开,345 + 1094,A - 左边左滑条右拐、右下滑点^^^B - 右边右滑条左拐、左下滑点,A - 左边长条中间、右边单点^^^B - 右边长条中间、左边单点,631,1459,86 + 0.2,1282,B - 左下左滑条开始、右下长条开始,B - 中间滑点,631,1459,2511135,43 + 0.1
,,"Ring of Fortune","佐々木恵梨",,,分开,436 + 1017、436 + 1018、437 + 1017、437 + 1018,A - 左下长条开始^^^B - 右下长条开始,A - 左边长条中间、右边长条结尾^^^B - 左边长条结尾、右边长条中间,582,1159,74 + 0.0,436、437、1017、1018,A - 左下长条开始,A - 左边长条中间、右边长条结尾,582,1159,1938393,37 + 0.0
,,"Talking to Myself","Linkin Park",,,分开,349 + 609,A - 左下滑点^^^B - 右下滑点,A - 左边右滑条中间^^^B - 右边左滑条中间,431,739,55 + 0.0,609,B - 右下滑点,B - 右边左滑条中间,431,739,1212552,28 + 0.0